word,pos,11_freqLex3,13_AbsGoug_1063,13_AbsGoug_2000,13_AbsGoug_3000,13_AbsGoug_4000,13_AbsGoug_5000,13_AbsGoug_6000,13_AbsGoug_7000,13_AbsGoug_8000,13_AbsGoug_8775,14_cons_db,14_digraph,14_nasale,14_orale,14_sum_pattern,14_voy_db,15_Avg_pref_freq_seg_10,15_Avg_pref_freq_seg_5,15_Avg_suf_freq_seg_10,15_Avg_suf_freq_seg_5,15_Familly_size_CL_seg_10,15_Family_avgfreq_hclust_10,15_Family_avgfreq_hclust_5,15_Family_avgfreq_morphonet,15_Family_avgfreq_seg_10,15_Family_avgfreq_seg_5,15_Family_cumfreq_hclust_10,15_Family_cumfreq_hclust_5,15_Family_cumfreq_morphonet,15_Family_cumfreq_seg_10,15_Family_cumfreq_seg_5,15_Family_maxfreq_hclust_10,15_Family_maxfreq_hclust_5,15_Family_maxfreq_morphonet,15_Family_maxfreq_seg_10,15_Family_maxfreq_seg_5,15_Family_size_CL_MORPHONET,15_Family_size_CL_hclust_10,15_Family_size_CL_hclust_5,15_Family_size_CL_seg_5,15_Family_size_hclust_10,15_Family_size_hclust_5,15_Family_size_morphonet,15_Family_size_seg_10,15_Family_size_seg_5,15_Has_prefix_seg_10,15_Has_prefix_seg_5,15_Has_suffix_seg_10,15_Has_suffix_seg_5,15_Is_compound_seg_10,15_Is_compound_seg_5,15_Min_pref_freq_seg_10,15_Min_pref_freq_seg_5,15_Min_suf_freq_seg_10,15_Min_suf_freq_seg_5,15_Nb_morphs_seg_10,15_Nb_morphs_seg_5,16_polysemStatus,17_babelNetStatus,1_nb_letters,2_nb_phon,3_nb_syllables,4_complexStructRatio,4_medianStructRatio,4_simpleStructRatio,5_phongraph,7a_nb_voisin,7b_neigh_frqcum,7c_nb_neigh_Morefreq,N1_simple_inconsistants,N2_complex_inconsistants,N3_etymo,N4_phongraph,N5_PresManulex,forme phon
abracadabrant,ADJ,-15.078856146,0.0,0.0,0.0,0.0,0.0,0.0,0.0,0.0,0.0,0.0,0.0,1.0,0.0,1.0,0.0,0.0,0.0,1489.0,2057.0,3.0,0.0,0.0,0.0,0.0,0.0,0.0,0.0,0.0,0.0,0.0,0.0,0.0,0.0,0.0,0.0,2.0,2.0,2.0,2.0,4.0,4.0,2.0,5.0,2.0,0.0,0.0,1.0,1.0,0.0,0.0,0.0,0.0,363.0,2057.0,3.0,2.0,0.0,0.0,13.0,11.0,5.0,0.0,0.4,0.6,1.0,0,0.0,0.0,1,0,0,2.0,1,a-bRa-ka-da-bR@
absorption,NOM,-14.2848248253,0.0,0.0,0.0,0.0,0.0,0.0,0.0,0.0,0.0,0.0,0.0,1.0,0.0,1.0,0.0,0.0,0.0,1432.0,0.0,3.0,3.0,3.0,3.0,3.0,3.0,3.0,3.0,3.0,3.0,3.0,3.0,3.0,3.0,3.0,3.0,3.0,1.0,1.0,0.0,3.0,3.0,3.0,6.0,1.0,0.0,0.0,1.0,0.0,0.0,0.0,0.0,0.0,1432.0,0.0,2.0,1.0,-1.0,1.0,10.0,9.0,3.0,0.3333333333333333,0.3333333333333333,0.3333333333333333,1.0,1.0,1.7545476474686289e-06,0.0,1,0,0,1.0,0,ap-sOR-psj§
acharnement,NOM,-14.2331208044,0.0,0.0,0.0,0.0,0.0,0.0,1.0,1.0,1.0,0.0,1.0,0.0,0.0,1.0,0.0,0.0,0.0,670.0,684.0,2.0,3.0,3.0,2.0,3.0,3.0,3.0,3.0,3.0,3.0,3.0,2.0,2.0,3.0,2.0,2.0,3.0,2.0,2.0,3.0,5.0,5.0,4.0,4.0,4.0,0.0,0.0,1.0,1.0,0.0,0.0,0.0,0.0,670.0,684.0,2.0,2.0,0.0,2.0,11.0,8.0,4.0,0.0,0.0,1.0,2.0,0,0.0,0.0,1,0,0,3.0,0,a-SaR-n°-m@
alternance,NOM,-15.3456706028,0.0,0.0,0.0,0.0,0.0,0.0,0.0,0.0,0.0,0.0,0.0,1.0,0.0,1.0,0.0,0.0,0.0,659.0,216.0,0.0,3.0,3.0,3.0,3.0,3.0,3.0,3.0,3.0,3.0,3.0,3.0,3.0,3.0,3.0,3.0,2.0,3.0,3.0,3.0,12.0,13.0,2.0,1.0,13.0,0.0,0.0,1.0,1.0,0.0,0.0,0.0,0.0,659.0,216.0,2.0,2.0,0.0,1.0,10.0,8.0,3.0,0.0,0.3333333333333333,0.6666666666666666,1.0,1.0,2.1574168159179564e-07,0.0,1,0,0,2.0,0,al-tER-n@s
amphibie,ADJ,-14.0635617793,0.0,0.0,0.0,0.0,0.0,0.0,1.0,1.0,1.0,0.0,0.0,0.0,0.0,0.0,0.0,0.0,0.0,21385.0,0.0,2.0,2.0,2.0,2.0,2.0,2.0,3.0,3.0,2.0,2.0,2.0,2.0,2.0,2.0,2.0,2.0,0.0,3.0,3.0,0.0,7.0,7.0,1.0,3.0,1.0,0.0,0.0,1.0,0.0,0.0,0.0,0.0,0.0,21385.0,0.0,2.0,1.0,0.0,0.0,8.0,5.0,3.0,0.0,0.0,1.0,2.0,0,0.0,0.0,1,0,1,3.0,0,@-fi-bi
anti-limaces,NOM,-19.6046453987,0.0,0.0,0.0,0.0,0.0,0.0,0.0,0.0,0.0,0.0,0.0,1.0,0.0,1.0,0.0,nan,nan,nan,nan,nan,nan,nan,nan,nan,nan,nan,nan,nan,nan,nan,nan,nan,nan,nan,nan,nan,nan,nan,nan,nan,nan,nan,nan,nan,nan,nan,nan,nan,nan,nan,nan,nan,nan,nan,nan,nan,-1.0,-1.0,11.0,8.0,4.0,0.0,0.0,1.0,2.0,0.0,0.0,0.0,1,0,0,3.0,0,@-ti-li-mas
arc-bouter,VER,-15.5113439011,0.0,0.0,0.0,0.0,0.0,0.0,0.0,0.0,0.0,0.0,0.0,0.0,1.0,1.0,0.0,0.0,0.0,0.0,0.0,0.0,0.0,0.0,0.0,0.0,0.0,1.0,1.0,1.0,0.0,0.0,1.0,1.0,1.0,0.0,0.0,3.0,2.0,2.0,0.0,4.0,4.0,4.0,1.0,1.0,0.0,0.0,0.0,0.0,0.0,0.0,0.0,0.0,0.0,0.0,1.0,1.0,0.0,0.0,9.0,7.0,3.0,0.0,0.6666666666666666,0.3333333333333333,1.0,0.0,0.0,0.0,1,0,0,2.0,0,aR-kbu-te
arpenter,VER,-13.0234410652,0.0,0.0,0.0,0.0,0.0,0.0,0.0,0.0,0.0,0.0,0.0,0.0,0.0,0.0,0.0,0.0,0.0,13355.0,12355.0,3.0,2.0,2.0,1.0,1.0,1.0,2.0,2.0,2.0,2.0,2.0,2.0,2.0,2.0,1.0,2.0,3.0,2.0,2.0,3.0,5.0,5.0,3.0,5.0,5.0,0.0,0.0,1.0,1.0,0.0,0.0,0.0,0.0,5325.0,4865.0,3.0,3.0,1.0,0.0,8.0,6.0,3.0,0.0,0.3333333333333333,0.6666666666666666,1.0,1.0,2.574972735124091e-07,0.0,1,0,0,2.0,0,aR-p@-te
arôme,NOM,-13.359921501,0.0,0.0,0.0,0.0,0.0,0.0,0.0,0.0,0.0,0.0,0.0,0.0,0.0,0.0,0.0,0.0,0.0,0.0,0.0,0.0,3.0,3.0,3.0,3.0,3.0,2.0,2.0,2.0,2.0,2.0,2.0,2.0,2.0,2.0,2.0,0.0,0.0,0.0,0.0,1.0,1.0,1.0,1.0,1.0,0.0,0.0,0.0,0.0,0.0,0.0,0.0,0.0,0.0,0.0,1.0,1.0,0.0,1.0,5.0,4.0,2.0,0.0,0.0,1.0,1.0,1.0,5.36811715084055e-07,0.0,1,0,0,1.0,0,a-Rom
bai,NOM,-19.6046453987,0.0,0.0,0.0,0.0,0.0,0.0,0.0,0.0,0.0,0.0,0.0,0.0,1.0,1.0,0.0,0.0,0.0,0.0,0.0,0.0,2.0,2.0,2.0,2.0,2.0,2.0,2.0,2.0,2.0,2.0,2.0,2.0,2.0,2.0,2.0,2.0,0.0,0.0,0.0,1.0,1.0,2.0,1.0,1.0,0.0,0.0,0.0,0.0,0.0,0.0,0.0,0.0,0.0,0.0,1.0,1.0,-1.0,-1.0,3.0,2.0,1.0,0.0,0.0,1.0,1.0,14.0,0.0005648221552557233,10.0,0,0,0,1.0,0,bE
balancier,NOM,-15.078856146,0.0,0.0,0.0,0.0,0.0,0.0,0.0,0.0,0.0,0.0,0.0,1.0,0.0,1.0,0.0,0.0,0.0,877.0,910.0,3.0,2.0,2.0,3.0,2.0,2.0,3.0,3.0,2.0,3.0,3.0,3.0,3.0,2.0,3.0,3.0,0.0,3.0,3.0,3.0,15.0,13.0,1.0,13.0,13.0,0.0,0.0,1.0,1.0,0.0,0.0,0.0,0.0,877.0,910.0,2.0,2.0,1.0,1.0,9.0,7.0,3.0,0.0,0.0,1.0,1.0,0,0.0,0.0,1,0,0,2.0,0,ba-l@-sje
bananier,NOM,-13.9950638044,0.0,0.0,0.0,0.0,0.0,0.0,0.0,0.0,0.0,0.0,0.0,1.0,0.0,1.0,0.0,0.0,0.0,877.0,910.0,3.0,2.0,2.0,2.0,2.0,2.0,2.0,2.0,2.0,2.0,2.0,2.0,2.0,2.0,2.0,2.0,0.0,2.0,2.0,2.0,5.0,5.0,1.0,5.0,3.0,0.0,0.0,1.0,1.0,0.0,0.0,0.0,0.0,877.0,910.0,2.0,2.0,0.0,4.0,8.0,7.0,3.0,0.0,0.0,1.0,1.0,0,0.0,0.0,1,0,0,1.0,1,ba-na-nje
biodiversité,NOM,-16.7627575794,0.0,0.0,0.0,0.0,0.0,0.0,0.0,0.0,0.0,0.0,0.0,0.0,0.0,0.0,0.0,93.0,89.0,554.0,753.0,1.0,3.0,3.0,3.0,3.0,3.0,3.0,3.0,3.0,3.0,3.0,3.0,3.0,3.0,3.0,3.0,3.0,3.0,3.0,2.0,8.0,8.0,3.0,2.0,2.0,1.0,1.0,1.0,1.0,0.0,0.0,93.0,89.0,554.0,753.0,3.0,3.0,-1.0,1.0,12.0,12.0,5.0,0.0,0.0,1.0,0.0,0.0,0.0,0.0,1,0,0,0.0,0,bjo-di-vER-si-te
bivalve,ADJ,-17.4439624373,0.0,0.0,0.0,0.0,0.0,0.0,0.0,0.0,0.0,0.0,0.0,0.0,0.0,0.0,0.0,244.0,203.0,21385.0,19845.0,3.0,0.0,1.0,1.0,3.0,2.0,1.0,1.0,1.0,3.0,2.0,1.0,1.0,1.0,3.0,2.0,0.0,0.0,0.0,3.0,2.0,2.0,1.0,57.0,7.0,1.0,1.0,1.0,1.0,0.0,0.0,244.0,203.0,21385.0,19845.0,4.0,3.0,0.0,0.0,7.0,6.0,2.0,0.0,0.5,0.5,1.0,0,0.0,0.0,1,0,0,1.0,0,bi-valv
boréal,ADJ,-14.302670482,0.0,0.0,0.0,0.0,0.0,0.0,0.0,0.0,0.0,0.0,0.0,0.0,0.0,0.0,0.0,0.0,0.0,1623.0,1684.0,3.0,1.0,1.0,1.0,1.0,1.0,2.0,2.0,2.0,2.0,2.0,2.0,2.0,2.0,2.0,2.0,3.0,3.0,3.0,3.0,7.0,7.0,3.0,8.0,8.0,0.0,0.0,1.0,1.0,0.0,0.0,0.0,0.0,1623.0,1684.0,2.0,2.0,0.0,0.0,6.0,6.0,3.0,0.0,0.3333333333333333,0.6666666666666666,0.0,0,0.0,0.0,0,0,0,0.0,0,bo-Re-al
bourgeon,NOM,-14.1839568595,0.0,0.0,0.0,0.0,0.0,0.0,1.0,1.0,1.0,0.0,0.0,1.0,1.0,2.0,0.0,0.0,0.0,1432.0,0.0,3.0,2.0,2.0,2.0,3.0,2.0,2.0,2.0,2.0,3.0,2.0,2.0,2.0,2.0,3.0,2.0,2.0,2.0,2.0,0.0,5.0,5.0,2.0,23.0,1.0,0.0,0.0,1.0,0.0,0.0,0.0,0.0,0.0,1432.0,0.0,2.0,1.0,0.0,0.0,8.0,5.0,2.0,0.0,0.0,1.0,2.0,0,0.0,0.0,1,1,0,3.0,1,buR-Z§
brasser,VER,-13.6893882474,0.0,0.0,0.0,0.0,0.0,0.0,1.0,1.0,1.0,1.0,0.0,0.0,0.0,1.0,0.0,0.0,0.0,13355.0,12355.0,3.0,2.0,2.0,2.0,2.0,2.0,3.0,3.0,3.0,3.0,3.0,3.0,3.0,3.0,3.0,3.0,3.0,3.0,3.0,3.0,19.0,19.0,3.0,29.0,28.0,0.0,0.0,1.0,1.0,0.0,0.0,0.0,0.0,5325.0,4865.0,3.0,3.0,1.0,0.0,7.0,5.0,2.0,0.0,0.5,0.5,1.0,3.0,8.288278169787395e-06,3.0,1,1,0,2.0,1,bRa-se
bredouille,ADJ,-13.3740560349,0.0,0.0,0.0,0.0,0.0,0.0,0.0,0.0,0.0,1.0,0.0,0.0,1.0,2.0,0.0,0.0,0.0,21385.0,19845.0,3.0,0.0,0.0,1.0,0.0,0.0,2.0,2.0,2.0,2.0,2.0,2.0,2.0,2.0,2.0,2.0,3.0,3.0,3.0,3.0,11.0,11.0,3.0,12.0,10.0,0.0,0.0,1.0,1.0,0.0,0.0,0.0,0.0,21385.0,19845.0,2.0,2.0,0.0,0.0,10.0,6.0,2.0,0.0,1.0,0.0,2.0,2.0,3.691352577335685e-06,0.0,1,0,1,4.0,1,bR°-duj
brillance,NOM,-15.0405398867,0.0,0.0,0.0,0.0,0.0,0.0,0.0,0.0,0.0,1.0,0.0,1.0,0.0,2.0,0.0,0.0,0.0,659.0,0.0,1.0,3.0,3.0,3.0,2.0,2.0,3.0,3.0,3.0,2.0,2.0,3.0,3.0,3.0,2.0,2.0,3.0,3.0,3.0,0.0,12.0,12.0,4.0,2.0,1.0,0.0,0.0,1.0,0.0,0.0,0.0,0.0,0.0,659.0,0.0,2.0,1.0,-1.0,-1.0,9.0,6.0,2.0,0.5,0.5,0.0,2.0,1.0,1.6345621417462474e-05,1.0,1,0,1,3.0,0,bRi-j@s
broussaille,NOM,-13.0539789545,0.0,0.0,0.0,0.0,0.0,0.0,1.0,1.0,1.0,2.0,0.0,0.0,2.0,4.0,0.0,0.0,0.0,83.0,98.0,3.0,0.0,0.0,1.0,1.0,1.0,1.0,1.0,1.0,2.0,3.0,1.0,1.0,1.0,2.0,2.0,0.0,2.0,2.0,3.0,5.0,5.0,1.0,16.0,15.0,0.0,0.0,1.0,1.0,0.0,0.0,0.0,0.0,83.0,98.0,2.0,2.0,0.0,1.0,11.0,6.0,2.0,0.0,1.0,0.0,2.0,0,0.0,0.0,1,1,1,5.0,1,bRu-saj
broyeur,NOM,-13.2726168984,0.0,0.0,0.0,0.0,0.0,0.0,0.0,0.0,0.0,0.0,0.0,0.0,1.0,1.0,0.0,0.0,0.0,11562.0,10620.0,3.0,2.0,2.0,1.0,1.0,1.0,2.0,2.0,2.0,2.0,3.0,2.0,2.0,2.0,2.0,2.0,2.0,3.0,3.0,3.0,9.0,9.0,2.0,12.0,12.0,0.0,0.0,1.0,1.0,0.0,0.0,0.0,0.0,1739.0,1395.0,3.0,3.0,-1.0,-1.0,7.0,7.0,2.0,1.0,0.0,0.0,0.0,1.0,7.788861529281124e-08,0.0,1,0,0,0.0,0,bRwa-j9R
bruir,VER,-19.6046453987,0.0,0.0,0.0,0.0,0.0,0.0,0.0,0.0,0.0,0.0,0.0,0.0,0.0,0.0,0.0,0.0,0.0,5325.0,4865.0,3.0,3.0,3.0,0.0,3.0,0.0,3.0,3.0,0.0,3.0,0.0,3.0,3.0,0.0,3.0,0.0,0.0,3.0,3.0,0.0,9.0,9.0,1.0,5.0,1.0,0.0,0.0,1.0,1.0,0.0,0.0,0.0,0.0,5325.0,4865.0,2.0,2.0,-1.0,0.0,5.0,5.0,2.0,0.0,1.0,0.0,0.0,0.0,0.0,0.0,0,0,0,0.0,0,bRy-iR
bâtisse,NOM,-13.7920304299,0.0,0.0,0.0,0.0,0.0,0.0,0.0,0.0,0.0,1.0,0.0,0.0,0.0,1.0,0.0,0.0,0.0,21385.0,19845.0,3.0,3.0,3.0,3.0,2.0,2.0,3.0,3.0,3.0,3.0,3.0,3.0,3.0,3.0,2.0,3.0,2.0,3.0,3.0,3.0,11.0,11.0,2.0,5.0,5.0,0.0,0.0,1.0,1.0,0.0,0.0,0.0,0.0,21385.0,19845.0,2.0,2.0,0.0,1.0,7.0,5.0,2.0,0.0,0.0,1.0,1.0,1.0,7.788861529281124e-08,0.0,1,1,0,2.0,1,ba-tis
cabosse,NOM,-19.6046453987,0.0,0.0,0.0,0.0,0.0,0.0,0.0,0.0,0.0,1.0,0.0,0.0,0.0,1.0,0.0,0.0,0.0,21385.0,19845.0,3.0,0.0,0.0,0.0,0.0,0.0,0.0,0.0,0.0,0.0,0.0,0.0,0.0,0.0,0.0,0.0,2.0,2.0,2.0,3.0,5.0,5.0,2.0,5.0,5.0,0.0,0.0,1.0,1.0,0.0,0.0,0.0,0.0,21385.0,19845.0,2.0,2.0,-1.0,-1.0,7.0,5.0,2.0,0.0,0.0,1.0,1.0,2.0,1.344675388018057e-06,1.0,1,1,0,2.0,0,ka-bOs
cacaoyer,NOM,-18.6078333801,0.0,0.0,0.0,0.0,0.0,0.0,0.0,0.0,0.0,0.0,0.0,0.0,0.0,0.0,0.0,0.0,0.0,0.0,0.0,0.0,0.0,0.0,0.0,0.0,0.0,0.0,0.0,0.0,0.0,0.0,0.0,0.0,0.0,0.0,0.0,0.0,0.0,0.0,0.0,2.0,2.0,1.0,1.0,1.0,0.0,0.0,0.0,0.0,0.0,0.0,0.0,0.0,0.0,0.0,1.0,1.0,0.0,1.0,8.0,8.0,4.0,0.0,0.5,0.5,0.0,0.0,0.0,0.0,1,0,0,0.0,1,ka-ka-wa-je
calcaire,ADJ,-15.6391383805,0.0,0.0,0.0,0.0,0.0,0.0,1.0,1.0,1.0,0.0,0.0,0.0,1.0,1.0,0.0,65.0,0.0,791.0,0.0,3.0,3.0,3.0,3.0,3.0,3.0,3.0,3.0,3.0,3.0,3.0,3.0,3.0,3.0,3.0,3.0,0.0,3.0,3.0,0.0,8.0,8.0,1.0,12.0,1.0,1.0,0.0,1.0,0.0,0.0,0.0,65.0,0.0,791.0,0.0,3.0,1.0,0.0,1.0,8.0,6.0,2.0,0.0,0.0,1.0,1.0,1.0,6.361405987671873e-06,1.0,1,0,0,2.0,0,kal-kER
calcaire,NOM,-15.0036321007,0.0,0.0,0.0,0.0,0.0,0.0,1.0,1.0,1.0,0.0,0.0,0.0,1.0,1.0,0.0,65.0,0.0,791.0,0.0,3.0,3.0,3.0,3.0,3.0,3.0,3.0,3.0,3.0,3.0,3.0,3.0,3.0,3.0,3.0,3.0,0.0,3.0,3.0,0.0,8.0,8.0,1.0,12.0,1.0,1.0,0.0,1.0,0.0,0.0,0.0,65.0,0.0,791.0,0.0,3.0,1.0,0.0,1.0,8.0,6.0,2.0,0.0,0.0,1.0,1.0,1.0,6.361405987671873e-06,1.0,1,0,0,2.0,0,kal-kER
captivité,NOM,-12.9509426061,0.0,0.0,0.0,0.0,0.0,1.0,1.0,1.0,1.0,0.0,0.0,0.0,0.0,0.0,0.0,0.0,0.0,554.0,753.0,2.0,3.0,3.0,3.0,3.0,3.0,3.0,3.0,3.0,3.0,3.0,3.0,3.0,3.0,3.0,3.0,0.0,3.0,3.0,3.0,6.0,24.0,1.0,4.0,5.0,0.0,0.0,1.0,1.0,0.0,0.0,0.0,0.0,554.0,753.0,2.0,2.0,0.0,0.0,9.0,9.0,4.0,0.0,0.0,1.0,0.0,0,0.0,0.0,1,0,0,0.0,1,kap-ti-vi-te
capture,NOM,-12.6171226389,0.0,0.0,0.0,0.0,0.0,0.0,0.0,0.0,0.0,0.0,0.0,0.0,0.0,0.0,0.0,0.0,0.0,21385.0,19845.0,3.0,3.0,3.0,3.0,3.0,3.0,3.0,3.0,3.0,3.0,3.0,3.0,3.0,3.0,3.0,3.0,2.0,3.0,3.0,3.0,21.0,24.0,2.0,5.0,5.0,0.0,0.0,1.0,1.0,0.0,0.0,0.0,0.0,21385.0,19845.0,2.0,2.0,0.0,0.0,7.0,6.0,2.0,0.0,0.0,1.0,1.0,2.0,2.683677768718095e-06,1.0,1,0,0,1.0,0,kap-tyR
carbonate,NOM,-16.2828025906,0.0,0.0,0.0,0.0,0.0,0.0,0.0,0.0,0.0,0.0,0.0,1.0,0.0,1.0,0.0,0.0,0.0,150.0,150.0,3.0,2.0,3.0,2.0,2.0,2.0,3.0,3.0,2.0,3.0,3.0,3.0,3.0,2.0,3.0,3.0,3.0,3.0,3.0,3.0,24.0,20.0,3.0,27.0,27.0,0.0,0.0,1.0,1.0,0.0,0.0,0.0,0.0,150.0,150.0,2.0,2.0,-1.0,-1.0,9.0,8.0,3.0,0.0,0.0,1.0,1.0,0,0.0,0.0,1,0,0,1.0,0,kaR-bo-nat
carbone,NOM,-12.5587565149,0.0,0.0,0.0,0.0,0.0,0.0,0.0,0.0,0.0,0.0,0.0,1.0,0.0,1.0,0.0,0.0,0.0,21385.0,19845.0,3.0,2.0,3.0,3.0,2.0,2.0,3.0,3.0,3.0,3.0,3.0,3.0,3.0,3.0,3.0,3.0,2.0,3.0,3.0,3.0,24.0,20.0,2.0,27.0,27.0,0.0,0.0,1.0,1.0,0.0,0.0,0.0,0.0,21385.0,19845.0,2.0,2.0,1.0,1.0,7.0,6.0,2.0,0.0,0.0,1.0,1.0,1.0,1.326034311880229e-07,0.0,1,0,0,1.0,0,kaR-bOn
cavité,NOM,-13.0801594136,0.0,0.0,0.0,0.0,0.0,0.0,1.0,1.0,1.0,0.0,0.0,0.0,0.0,0.0,0.0,0.0,0.0,473.0,753.0,3.0,3.0,3.0,3.0,2.0,2.0,3.0,3.0,3.0,3.0,3.0,3.0,3.0,3.0,3.0,3.0,2.0,2.0,2.0,3.0,5.0,5.0,2.0,25.0,24.0,0.0,0.0,1.0,1.0,0.0,0.0,0.0,0.0,349.0,753.0,3.0,2.0,1.0,2.0,6.0,6.0,3.0,0.0,0.0,1.0,0.0,0,0.0,0.0,1,0,0,0.0,0,ka-vi-te
charpente,NOM,-14.2500604651,0.0,0.0,0.0,0.0,0.0,1.0,1.0,1.0,1.0,0.0,1.0,0.0,0.0,1.0,0.0,0.0,5.0,21385.0,19845.0,3.0,3.0,3.0,3.0,2.0,3.0,3.0,3.0,3.0,3.0,3.0,3.0,3.0,3.0,3.0,3.0,3.0,3.0,3.0,3.0,8.0,8.0,3.0,8.0,7.0,0.0,1.0,1.0,1.0,0.0,0.0,0.0,5.0,21385.0,19845.0,2.0,4.0,1.0,0.0,9.0,6.0,2.0,0.0,0.0,1.0,2.0,1.0,3.551366995273303e-07,0.0,1,0,0,3.0,1,SaR-p@t
chocolaterie,NOM,-15.0405398867,0.0,0.0,0.0,0.0,0.0,0.0,0.0,0.0,0.0,0.0,1.0,0.0,0.0,1.0,0.0,0.0,0.0,2344.0,2419.0,3.0,2.0,3.0,2.0,1.0,1.0,3.0,3.0,2.0,2.0,2.0,3.0,3.0,2.0,2.0,2.0,0.0,3.0,3.0,3.0,7.0,7.0,1.0,6.0,6.0,0.0,0.0,1.0,1.0,0.0,0.0,0.0,0.0,2275.0,2093.0,3.0,3.0,0.0,0.0,12.0,9.0,4.0,0.0,0.25,0.75,2.0,0,0.0,0.0,1,0,0,3.0,1,So-ko-la-tRi
chocolaté,ADJ,-13.9309560009,0.0,0.0,0.0,0.0,0.0,0.0,0.0,0.0,0.0,0.0,1.0,0.0,0.0,1.0,0.0,0.0,0.0,4358.0,4315.0,3.0,2.0,3.0,0.0,1.0,1.0,3.0,3.0,1.0,2.0,2.0,3.0,3.0,0.0,2.0,2.0,2.0,3.0,3.0,3.0,7.0,7.0,2.0,6.0,6.0,0.0,0.0,1.0,1.0,0.0,0.0,0.0,0.0,4358.0,4315.0,2.0,2.0,0.0,0.0,9.0,8.0,4.0,0.0,0.0,1.0,1.0,1.0,2.972719889550406e-06,1.0,1,0,0,1.0,0,So-ko-la-te
claquement,NOM,-13.7601171133,0.0,0.0,0.0,0.0,0.0,0.0,0.0,0.0,0.0,0.0,1.0,0.0,0.0,1.0,0.0,0.0,0.0,2359.0,11136.0,3.0,2.0,2.0,2.0,2.0,1.0,3.0,3.0,2.0,3.0,3.0,2.0,2.0,2.0,3.0,2.0,2.0,3.0,3.0,3.0,13.0,13.0,2.0,17.0,21.0,0.0,0.0,1.0,1.0,0.0,0.0,0.0,0.0,2126.0,2428.0,3.0,3.0,0.0,1.0,10.0,6.0,2.0,0.0,0.5,0.5,2.0,2.0,5.405338274161483e-06,0.0,1,1,0,4.0,1,klak-m@
climatiseur,NOM,-13.882472156,0.0,0.0,0.0,0.0,0.0,0.0,0.0,0.0,0.0,0.0,0.0,0.0,1.0,1.0,0.0,0.0,0.0,26.0,1081.0,3.0,3.0,3.0,0.0,3.0,3.0,3.0,3.0,0.0,3.0,3.0,3.0,3.0,0.0,3.0,3.0,0.0,3.0,3.0,3.0,22.0,19.0,1.0,22.0,20.0,0.0,0.0,1.0,1.0,0.0,0.0,0.0,0.0,26.0,1081.0,2.0,3.0,-1.0,1.0,11.0,10.0,4.0,0.0,0.25,0.75,1.0,0,0.0,0.0,1,0,0,1.0,0,kli-ma-ti-z9R
coloniser,VER,-14.2331208044,0.0,0.0,0.0,0.0,0.0,0.0,0.0,0.0,0.0,0.0,0.0,1.0,0.0,1.0,0.0,568.0,513.0,415.0,452.0,3.0,3.0,3.0,2.0,3.0,3.0,3.0,3.0,3.0,3.0,3.0,3.0,3.0,3.0,3.0,3.0,3.0,3.0,3.0,3.0,15.0,15.0,4.0,18.0,18.0,1.0,1.0,1.0,1.0,0.0,0.0,568.0,513.0,232.0,452.0,4.0,3.0,0.0,1.0,9.0,8.0,4.0,0.0,0.0,1.0,1.0,0,0.0,0.0,1,0,0,1.0,0,ko-lo-ni-ze
combiner,VER,-12.2110832309,0.0,0.0,0.0,0.0,0.0,0.0,1.0,1.0,1.0,0.0,0.0,1.0,0.0,1.0,0.0,296.0,239.0,13355.0,12355.0,3.0,3.0,2.0,3.0,2.0,3.0,3.0,3.0,3.0,3.0,3.0,3.0,3.0,3.0,3.0,3.0,3.0,3.0,3.0,3.0,13.0,7.0,3.0,22.0,17.0,1.0,1.0,1.0,1.0,0.0,0.0,296.0,239.0,5325.0,4865.0,4.0,4.0,0.0,1.0,8.0,6.0,3.0,0.0,0.0,1.0,1.0,2.0,2.6025337339022205e-06,1.0,1,0,0,2.0,0,k§-bi-ne
complexité,NOM,-13.4711462357,0.0,0.0,0.0,0.0,0.0,0.0,1.0,1.0,1.0,0.0,0.0,0.0,0.0,0.0,0.0,0.0,0.0,554.0,753.0,3.0,3.0,3.0,3.0,3.0,3.0,3.0,3.0,3.0,3.0,3.0,3.0,3.0,3.0,3.0,3.0,0.0,3.0,3.0,3.0,11.0,9.0,1.0,9.0,9.0,0.0,0.0,1.0,1.0,0.0,0.0,0.0,0.0,554.0,753.0,2.0,2.0,0.0,2.0,10.0,10.0,4.0,0.0,0.25,0.75,0.0,0,0.0,0.0,1,0,0,0.0,0,k§-plEk-si-te
conchage,NOM,-19.6046453987,0.0,0.0,0.0,0.0,0.0,0.0,0.0,0.0,0.0,0.0,1.0,1.0,0.0,2.0,0.0,0.0,0.0,0.0,1505.0,0.0,0.0,0.0,0.0,0.0,0.0,1.0,1.0,0.0,0.0,1.0,0.0,0.0,0.0,0.0,0.0,0.0,3.0,3.0,3.0,6.0,6.0,1.0,1.0,8.0,0.0,0.0,0.0,1.0,0.0,0.0,0.0,0.0,0.0,1505.0,1.0,2.0,-1.0,-1.0,8.0,6.0,1.0,1.0,0.0,0.0,1.0,0.0,0.0,0.0,1,1,0,2.0,0,k§SaZ
conche,NOM,-19.6046453987,0.0,0.0,0.0,0.0,0.0,0.0,0.0,0.0,0.0,0.0,1.0,1.0,0.0,2.0,0.0,0.0,0.0,21385.0,19845.0,0.0,0.0,0.0,0.0,0.0,0.0,1.0,1.0,0.0,0.0,1.0,0.0,0.0,0.0,0.0,0.0,0.0,3.0,3.0,3.0,6.0,6.0,1.0,1.0,8.0,0.0,0.0,1.0,1.0,0.0,0.0,0.0,0.0,21385.0,19845.0,2.0,2.0,-1.0,-1.0,6.0,4.0,1.0,1.0,0.0,0.0,1.0,0.0,0.0,0.0,1,0,0,2.0,0,k§S
concocter,VER,-13.719090461,0.0,0.0,0.0,0.0,0.0,0.0,0.0,0.0,0.0,0.0,0.0,1.0,0.0,1.0,0.0,0.0,0.0,2414.0,2745.0,1.0,1.0,1.0,2.0,1.0,1.0,1.0,1.0,1.0,1.0,1.0,1.0,1.0,1.0,1.0,1.0,0.0,0.0,0.0,2.0,2.0,2.0,1.0,2.0,2.0,0.0,0.0,1.0,1.0,0.0,0.0,0.0,0.0,2414.0,2745.0,2.0,2.0,-1.0,0.0,9.0,7.0,3.0,0.0,0.0,1.0,1.0,0,0.0,0.0,1,0,0,2.0,0,k§-kOk-te
confectionneur,NOM,-15.7096524072,0.0,0.0,0.0,0.0,0.0,0.0,0.0,0.0,0.0,1.0,0.0,1.0,1.0,3.0,0.0,0.0,0.0,1115.0,1081.0,3.0,2.0,2.0,0.0,2.0,2.0,3.0,3.0,0.0,2.0,2.0,3.0,3.0,0.0,2.0,2.0,0.0,3.0,3.0,3.0,6.0,6.0,1.0,5.0,5.0,0.0,0.0,1.0,1.0,0.0,0.0,0.0,0.0,1115.0,1081.0,2.0,2.0,-1.0,-1.0,14.0,11.0,4.0,0.0,0.0,1.0,2.0,0,0.0,0.0,1,0,0,3.0,0,k§-fEk-sjo-n9R
conifère,NOM,-15.6391383805,0.0,0.0,0.0,0.0,0.0,0.0,0.0,0.0,0.0,0.0,0.0,1.0,0.0,1.0,0.0,0.0,0.0,0.0,0.0,0.0,2.0,2.0,1.0,1.0,1.0,3.0,3.0,1.0,1.0,1.0,3.0,3.0,1.0,1.0,1.0,0.0,3.0,3.0,0.0,8.0,6.0,1.0,1.0,1.0,0.0,0.0,0.0,0.0,0.0,0.0,0.0,0.0,0.0,0.0,1.0,1.0,0.0,4.0,8.0,7.0,3.0,0.0,0.0,1.0,1.0,0,0.0,0.0,1,0,0,1.0,0,ko-ni-fER
consommation,NOM,-12.4070766884,0.0,0.0,0.0,0.0,0.0,1.0,1.0,1.0,1.0,1.0,0.0,1.0,0.0,2.0,0.0,615.0,325.0,1137.0,1464.0,3.0,3.0,3.0,3.0,3.0,3.0,3.0,3.0,3.0,3.0,3.0,3.0,3.0,3.0,3.0,3.0,3.0,3.0,3.0,3.0,32.0,27.0,5.0,20.0,17.0,1.0,1.0,1.0,1.0,0.0,0.0,615.0,325.0,1137.0,1464.0,3.0,3.0,1.0,3.0,12.0,9.0,4.0,0.0,0.0,1.0,2.0,0,0.0,0.0,1,0,0,3.0,1,k§-so-ma-sj§
convulsion,NOM,-13.2472182476,0.0,0.0,0.0,0.0,0.0,0.0,1.0,1.0,1.0,0.0,0.0,1.0,0.0,1.0,0.0,0.0,0.0,1083.0,1065.0,3.0,0.0,0.0,1.0,0.0,0.0,1.0,2.0,1.0,1.0,1.0,1.0,1.0,1.0,1.0,1.0,3.0,3.0,3.0,3.0,10.0,10.0,3.0,5.0,5.0,0.0,0.0,1.0,1.0,0.0,0.0,0.0,0.0,1083.0,1065.0,2.0,2.0,0.0,2.0,10.0,8.0,3.0,0.0,0.0,1.0,1.0,0,0.0,0.0,1,0,0,2.0,0,k§-vyl-sj§
coquillage,NOM,-12.7376278721,0.0,0.0,0.0,0.0,0.0,0.0,1.0,1.0,1.0,1.0,1.0,0.0,0.0,2.0,0.0,0.0,0.0,0.0,0.0,0.0,2.0,2.0,3.0,3.0,3.0,3.0,3.0,2.0,2.0,2.0,3.0,3.0,2.0,2.0,2.0,0.0,3.0,3.0,0.0,9.0,9.0,1.0,1.0,1.0,0.0,0.0,0.0,0.0,0.0,0.0,0.0,0.0,0.0,0.0,1.0,1.0,0.0,2.0,10.0,7.0,3.0,0.3333333333333333,0.0,0.6666666666666666,2.0,0,0.0,0.0,1,1,1,3.0,1,ko-ki-jaZ
costumer,VER,-13.6893882474,0.0,0.0,0.0,0.0,0.0,0.0,0.0,0.0,0.0,0.0,0.0,0.0,0.0,0.0,0.0,0.0,0.0,13355.0,12355.0,3.0,3.0,3.0,1.0,3.0,3.0,3.0,3.0,2.0,3.0,3.0,3.0,3.0,2.0,3.0,3.0,2.0,2.0,2.0,3.0,5.0,5.0,2.0,5.0,5.0,0.0,0.0,1.0,1.0,0.0,0.0,0.0,0.0,5325.0,4865.0,3.0,3.0,0.0,0.0,8.0,7.0,3.0,0.0,0.0,1.0,1.0,1.0,1.4665244399172218e-05,1.0,1,0,0,1.0,1,kOs-ty-me
couc,NOM,-19.6046453987,0.0,0.0,0.0,0.0,0.0,0.0,0.0,0.0,0.0,0.0,0.0,0.0,1.0,1.0,0.0,nan,nan,nan,nan,nan,nan,nan,nan,nan,nan,nan,nan,nan,nan,nan,nan,nan,nan,nan,nan,nan,nan,nan,nan,nan,nan,nan,nan,nan,nan,nan,nan,nan,nan,nan,nan,nan,nan,nan,nan,nan,-1.0,-1.0,4.0,3.0,1.0,0.0,0.0,1.0,1.0,0.0,0.0,0.0,1,0,0,1.0,0,kuk
coudrier,NOM,-17.3179282083,0.0,0.0,0.0,0.0,0.0,0.0,0.0,0.0,0.0,0.0,0.0,0.0,1.0,1.0,0.0,0.0,0.0,877.0,910.0,3.0,2.0,2.0,1.0,2.0,2.0,2.0,2.0,1.0,2.0,2.0,2.0,2.0,1.0,2.0,2.0,0.0,2.0,2.0,3.0,5.0,5.0,1.0,5.0,4.0,0.0,0.0,1.0,1.0,0.0,0.0,0.0,0.0,877.0,910.0,2.0,2.0,1.0,1.0,8.0,7.0,3.0,0.0,0.6666666666666666,0.3333333333333333,1.0,2.0,2.3827631571376863e-05,1.0,1,0,0,1.0,0,ku-dRi-je
coyote,NOM,-12.3265101412,0.0,0.0,0.0,0.0,0.0,0.0,0.0,0.0,0.0,0.0,0.0,0.0,0.0,0.0,0.0,0.0,0.0,0.0,0.0,0.0,2.0,2.0,2.0,2.0,2.0,1.0,1.0,2.0,1.0,1.0,1.0,1.0,2.0,1.0,1.0,0.0,0.0,0.0,0.0,1.0,1.0,1.0,1.0,1.0,0.0,0.0,0.0,0.0,0.0,0.0,0.0,0.0,0.0,0.0,1.0,1.0,0.0,2.0,6.0,5.0,2.0,0.5,0.0,0.5,1.0,0,0.0,0.0,1,0,0,1.0,0,ko-jOt
crinière,NOM,-12.8965050417,0.0,0.0,0.0,0.0,0.0,0.0,0.0,0.0,0.0,0.0,0.0,1.0,0.0,1.0,0.0,0.0,0.0,0.0,0.0,0.0,2.0,2.0,3.0,3.0,3.0,2.0,2.0,2.0,2.0,2.0,2.0,2.0,2.0,2.0,2.0,0.0,2.0,3.0,0.0,5.0,6.0,1.0,1.0,1.0,0.0,0.0,0.0,0.0,0.0,0.0,0.0,0.0,0.0,0.0,1.0,1.0,1.0,1.0,8.0,7.0,2.0,0.0,1.0,0.0,1.0,0,0.0,0.0,1,0,0,1.0,1,kRi-njER
croissance,NOM,-12.2897397273,0.0,0.0,0.0,0.0,0.0,0.0,1.0,1.0,1.0,1.0,0.0,1.0,0.0,2.0,0.0,0.0,0.0,659.0,0.0,3.0,3.0,3.0,3.0,3.0,3.0,3.0,3.0,3.0,3.0,3.0,3.0,3.0,3.0,3.0,3.0,2.0,3.0,2.0,0.0,6.0,4.0,2.0,25.0,1.0,0.0,0.0,1.0,0.0,0.0,0.0,0.0,0.0,659.0,0.0,3.0,1.0,1.0,1.0,10.0,7.0,2.0,0.5,0.0,0.5,2.0,1.0,2.044854417696527e-05,1.0,1,1,0,3.0,1,kRwa-s@s
cueillette,NOM,-14.302670482,0.0,0.0,0.0,0.0,0.0,0.0,0.0,0.0,0.0,2.0,0.0,0.0,0.0,2.0,0.0,0.0,0.0,0.0,0.0,0.0,2.0,2.0,3.0,3.0,3.0,3.0,3.0,3.0,2.0,2.0,3.0,3.0,3.0,2.0,3.0,0.0,3.0,3.0,0.0,8.0,8.0,1.0,1.0,1.0,0.0,0.0,0.0,0.0,0.0,0.0,0.0,0.0,0.0,0.0,1.0,1.0,0.0,0.0,10.0,5.0,2.0,0.5,0.0,0.5,2.0,0,0.0,0.0,1,0,1,5.0,1,k9-jEt
cultivateur,NOM,-13.9186130043,0.0,0.0,0.0,1.0,1.0,1.0,1.0,1.0,1.0,0.0,0.0,0.0,1.0,1.0,0.0,0.0,0.0,304.0,436.0,3.0,3.0,3.0,2.0,3.0,3.0,3.0,3.0,2.0,3.0,3.0,3.0,3.0,2.0,3.0,3.0,0.0,3.0,3.0,3.0,6.0,18.0,1.0,10.0,10.0,0.0,0.0,1.0,1.0,0.0,0.0,0.0,0.0,304.0,436.0,2.0,2.0,0.0,1.0,11.0,10.0,4.0,0.0,0.0,1.0,1.0,0,0.0,0.0,1,0,0,1.0,1,kyl-ti-va-t9R
cuve,NOM,-13.3956395701,0.0,0.0,0.0,0.0,0.0,1.0,1.0,1.0,1.0,0.0,0.0,0.0,0.0,0.0,0.0,0.0,0.0,21385.0,19845.0,3.0,2.0,2.0,3.0,2.0,2.0,3.0,3.0,3.0,3.0,3.0,3.0,3.0,3.0,3.0,3.0,0.0,3.0,3.0,3.0,8.0,8.0,1.0,14.0,14.0,0.0,0.0,1.0,1.0,0.0,0.0,0.0,0.0,21385.0,19845.0,2.0,2.0,1.0,0.0,4.0,3.0,1.0,0.0,0.0,1.0,1.0,5.0,6.118033180936829e-05,3.0,1,0,0,1.0,0,kyv
cyanure,NOM,-12.9143236674,0.0,0.0,0.0,0.0,0.0,0.0,0.0,0.0,0.0,0.0,0.0,1.0,0.0,1.0,0.0,0.0,0.0,21385.0,19845.0,3.0,1.0,1.0,2.0,1.0,1.0,3.0,2.0,2.0,2.0,2.0,2.0,2.0,2.0,2.0,2.0,0.0,3.0,3.0,3.0,31.0,7.0,1.0,10.0,9.0,0.0,0.0,1.0,1.0,0.0,0.0,0.0,0.0,21385.0,19845.0,2.0,2.0,-1.0,-1.0,7.0,6.0,2.0,0.0,0.0,1.0,1.0,0,0.0,0.0,1,0,0,1.0,0,sja-nyR
dioxyde,NOM,-14.302670482,0.0,0.0,0.0,0.0,0.0,0.0,0.0,0.0,0.0,0.0,0.0,0.0,0.0,0.0,0.0,440.0,357.0,21385.0,19845.0,3.0,3.0,3.0,3.0,2.0,2.0,3.0,3.0,3.0,3.0,3.0,3.0,3.0,3.0,3.0,3.0,0.0,0.0,0.0,3.0,1.0,1.0,1.0,36.0,33.0,1.0,1.0,1.0,1.0,0.0,0.0,440.0,357.0,21385.0,19845.0,3.0,3.0,0.0,1.0,7.0,7.0,2.0,0.0,0.5,0.5,0.0,0.0,0.0,0.0,1,0,0,0.0,0,djOk-sid
diversifier,VER,-14.3393454682,0.0,0.0,0.0,0.0,0.0,0.0,0.0,0.0,0.0,0.0,0.0,0.0,0.0,0.0,0.0,440.0,357.0,1354.0,1586.0,3.0,3.0,3.0,3.0,3.0,3.0,3.0,3.0,3.0,3.0,3.0,3.0,3.0,3.0,3.0,3.0,0.0,3.0,3.0,3.0,8.0,8.0,1.0,16.0,68.0,1.0,1.0,1.0,1.0,0.0,0.0,440.0,357.0,294.0,427.0,5.0,5.0,0.0,0.0,11.0,10.0,4.0,0.0,0.0,1.0,1.0,0,0.0,0.0,1,0,0,1.0,0,di-vER-si-fje
dromadaire,NOM,-14.5460626655,0.0,0.0,0.0,0.0,0.0,0.0,0.0,0.0,0.0,0.0,0.0,0.0,1.0,1.0,0.0,0.0,0.0,0.0,0.0,0.0,2.0,2.0,2.0,2.0,2.0,2.0,2.0,2.0,2.0,2.0,2.0,2.0,2.0,2.0,2.0,0.0,0.0,0.0,0.0,1.0,1.0,1.0,1.0,1.0,0.0,0.0,0.0,0.0,0.0,0.0,0.0,0.0,0.0,0.0,1.0,1.0,0.0,1.0,10.0,8.0,3.0,0.0,0.3333333333333333,0.6666666666666666,1.0,0,0.0,0.0,1,0,0,2.0,1,dRo-ma-dER
déchiqueter,VER,-12.8159494028,0.0,0.0,0.0,0.0,0.0,0.0,0.0,0.0,0.0,0.0,2.0,0.0,0.0,2.0,0.0,1885.0,1765.0,8663.0,1425.0,3.0,1.0,1.0,1.0,2.0,2.0,2.0,2.0,2.0,2.0,2.0,1.0,1.0,2.0,2.0,3.0,3.0,3.0,3.0,3.0,6.0,6.0,5.0,8.0,8.0,1.0,1.0,1.0,1.0,0.0,0.0,1885.0,1765.0,2192.0,105.0,5.0,4.0,0.0,0.0,11.0,7.0,3.0,0.0,0.0,1.0,2.0,0,0.0,0.0,1,1,0,4.0,0,de-Sik-te
déchu,ADJ,-13.623331709,0.0,0.0,0.0,0.0,0.0,0.0,0.0,0.0,0.0,0.0,1.0,0.0,0.0,1.0,0.0,0.0,0.0,0.0,0.0,0.0,3.0,3.0,3.0,3.0,3.0,3.0,3.0,3.0,2.0,2.0,3.0,3.0,3.0,2.0,3.0,0.0,3.0,3.0,0.0,8.0,8.0,1.0,1.0,1.0,0.0,0.0,0.0,0.0,0.0,0.0,0.0,0.0,0.0,0.0,1.0,1.0,-1.0,-1.0,5.0,4.0,2.0,0.0,0.0,1.0,1.0,2.0,4.770962231956344e-07,0.0,1,0,0,1.0,0,de-Sy
dégrader,VER,-12.4097868376,0.0,0.0,0.0,0.0,0.0,0.0,1.0,1.0,1.0,0.0,0.0,0.0,0.0,0.0,0.0,1885.0,1765.0,13355.0,12355.0,3.0,3.0,3.0,2.0,2.0,2.0,3.0,3.0,3.0,3.0,3.0,3.0,3.0,3.0,3.0,3.0,2.0,3.0,3.0,3.0,6.0,6.0,2.0,33.0,34.0,1.0,1.0,1.0,1.0,0.0,0.0,1885.0,1765.0,5325.0,4865.0,4.0,4.0,1.0,1.0,8.0,7.0,3.0,0.0,0.3333333333333333,0.6666666666666666,1.0,3.0,7.94950355683075e-07,1.0,1,0,0,1.0,1,de-gRa-de
démouler,VER,-16.1620978282,0.0,0.0,0.0,0.0,0.0,0.0,0.0,0.0,0.0,0.0,0.0,0.0,1.0,1.0,0.0,1885.0,1765.0,13355.0,12355.0,3.0,1.0,1.0,2.0,3.0,3.0,1.0,1.0,3.0,3.0,3.0,1.0,1.0,2.0,3.0,3.0,3.0,0.0,0.0,3.0,2.0,2.0,5.0,23.0,22.0,1.0,1.0,1.0,1.0,0.0,0.0,1885.0,1765.0,5325.0,4865.0,4.0,4.0,0.0,0.0,8.0,6.0,3.0,0.0,0.0,1.0,1.0,4.0,9.58193806876202e-06,4.0,1,0,0,2.0,1,de-mu-le
dérouter,VER,-13.2285837789,0.0,0.0,0.0,0.0,0.0,0.0,0.0,0.0,0.0,0.0,0.0,0.0,1.0,1.0,0.0,1885.0,1765.0,13355.0,12355.0,3.0,3.0,3.0,2.0,3.0,3.0,3.0,3.0,3.0,3.0,3.0,3.0,3.0,2.0,3.0,3.0,3.0,3.0,3.0,3.0,6.0,6.0,6.0,14.0,16.0,1.0,1.0,1.0,1.0,0.0,0.0,1885.0,1765.0,5325.0,4865.0,4.0,4.0,-1.0,0.0,8.0,6.0,3.0,0.0,0.0,1.0,1.0,3.0,6.7877696004623626e-06,1.0,1,0,0,2.0,0,de-Ru-te
enclencher,VER,-12.7079396991,0.0,0.0,0.0,0.0,0.0,0.0,0.0,0.0,0.0,0.0,1.0,0.0,0.0,1.0,0.0,0.0,0.0,5325.0,4865.0,2.0,2.0,2.0,2.0,1.0,2.0,2.0,2.0,2.0,2.0,2.0,2.0,2.0,2.0,2.0,2.0,3.0,2.0,2.0,2.0,4.0,4.0,3.0,3.0,2.0,0.0,0.0,1.0,1.0,0.0,0.0,0.0,0.0,5325.0,4865.0,2.0,2.0,0.0,0.0,10.0,6.0,3.0,0.0,0.3333333333333333,0.6666666666666666,2.0,1.0,3.814406001213689e-08,0.0,1,0,0,4.0,1,@-kl@-Se
enrober,VER,-14.1070304379,0.0,0.0,0.0,0.0,0.0,0.0,0.0,0.0,0.0,0.0,0.0,0.0,0.0,0.0,0.0,0.0,0.0,2414.0,2745.0,3.0,1.0,1.0,1.0,1.0,1.0,2.0,2.0,2.0,2.0,2.0,2.0,2.0,2.0,2.0,2.0,3.0,3.0,3.0,3.0,6.0,6.0,5.0,6.0,6.0,0.0,0.0,1.0,1.0,0.0,0.0,0.0,0.0,2414.0,2745.0,2.0,2.0,-1.0,-1.0,7.0,5.0,3.0,0.0,0.0,1.0,1.0,1.0,3.814406001213689e-08,0.0,1,0,0,2.0,0,@-Ro-be
ensoleillé,ADJ,-12.9650279388,0.0,0.0,0.0,0.0,0.0,0.0,0.0,0.0,0.0,1.0,0.0,0.0,0.0,1.0,0.0,0.0,0.0,4358.0,4315.0,2.0,3.0,3.0,2.0,2.0,2.0,3.0,3.0,3.0,3.0,3.0,2.0,2.0,3.0,2.0,2.0,3.0,1.0,1.0,2.0,3.0,3.0,3.0,3.0,3.0,0.0,0.0,1.0,1.0,0.0,0.0,0.0,0.0,4358.0,4315.0,2.0,2.0,0.0,0.0,10.0,7.0,4.0,0.0,0.25,0.75,2.0,2.0,1.1603267530494813e-07,0.0,1,0,1,3.0,1,@-so-lE-je
entasser,VER,-12.3543612462,0.0,0.0,0.0,0.0,0.0,0.0,0.0,1.0,1.0,1.0,0.0,0.0,0.0,1.0,0.0,0.0,0.0,232.0,2745.0,2.0,1.0,1.0,1.0,1.0,1.0,2.0,2.0,2.0,2.0,2.0,1.0,1.0,2.0,1.0,1.0,3.0,1.0,1.0,2.0,3.0,3.0,3.0,4.0,3.0,0.0,0.0,1.0,1.0,0.0,0.0,0.0,0.0,232.0,2745.0,2.0,2.0,0.0,1.0,8.0,5.0,3.0,0.0,0.0,1.0,2.0,1.0,3.814406001213689e-08,0.0,1,1,0,3.0,1,@-ta-se
entrelacer,VER,-14.0635617793,0.0,0.0,0.0,0.0,0.0,0.0,0.0,0.0,0.0,0.0,0.0,0.0,0.0,0.0,0.0,42.0,42.0,13355.0,12355.0,3.0,2.0,2.0,1.0,2.0,3.0,2.0,2.0,1.0,3.0,3.0,2.0,2.0,1.0,3.0,3.0,2.0,2.0,2.0,3.0,5.0,5.0,2.0,18.0,13.0,1.0,1.0,1.0,1.0,0.0,0.0,42.0,42.0,5325.0,4865.0,4.0,4.0,0.0,0.0,10.0,8.0,4.0,0.0,0.25,0.75,1.0,0,0.0,0.0,1,0,0,2.0,0,@-tR°-la-se
extrémité,NOM,-12.6339588427,0.0,0.0,0.0,0.0,0.0,1.0,1.0,1.0,1.0,0.0,0.0,0.0,0.0,0.0,0.0,298.0,258.0,554.0,753.0,3.0,3.0,3.0,3.0,3.0,3.0,3.0,3.0,3.0,3.0,3.0,3.0,3.0,3.0,3.0,3.0,0.0,2.0,2.0,3.0,4.0,4.0,1.0,7.0,6.0,1.0,1.0,1.0,1.0,0.0,0.0,298.0,258.0,554.0,753.0,3.0,3.0,1.0,0.0,9.0,10.0,4.0,0.25,0.25,0.5,1.0,0,0.0,0.0,1,0,0,-1.0,1,Ek-stRe-mi-te
fabrication,NOM,-12.3116393421,0.0,0.0,0.0,1.0,1.0,1.0,1.0,1.0,1.0,0.0,0.0,1.0,0.0,1.0,0.0,0.0,0.0,1137.0,1464.0,3.0,3.0,3.0,3.0,3.0,3.0,3.0,3.0,3.0,3.0,3.0,3.0,3.0,3.0,3.0,3.0,3.0,3.0,3.0,3.0,10.0,10.0,3.0,9.0,10.0,0.0,0.0,1.0,1.0,0.0,0.0,0.0,0.0,1137.0,1464.0,3.0,3.0,0.0,1.0,11.0,10.0,4.0,0.0,0.25,0.75,1.0,0,0.0,0.0,1,0,0,1.0,1,fa-bRi-ka-sj§
faufiler,VER,-12.2313094644,0.0,0.0,0.0,0.0,1.0,1.0,1.0,1.0,1.0,0.0,0.0,0.0,1.0,1.0,0.0,0.0,0.0,5325.0,4865.0,2.0,1.0,1.0,1.0,1.0,1.0,2.0,2.0,2.0,1.0,2.0,2.0,2.0,2.0,2.0,2.0,3.0,2.0,2.0,2.0,5.0,5.0,4.0,3.0,3.0,0.0,0.0,1.0,1.0,0.0,0.0,0.0,0.0,5325.0,4865.0,2.0,2.0,0.0,1.0,8.0,6.0,3.0,0.0,0.0,1.0,1.0,0,0.0,0.0,1,0,0,2.0,1,fo-fi-le
fermenter,VER,-15.7096524072,0.0,0.0,0.0,0.0,0.0,0.0,0.0,0.0,0.0,0.0,0.0,0.0,0.0,0.0,0.0,0.0,0.0,13355.0,12355.0,3.0,2.0,2.0,2.0,2.0,2.0,3.0,3.0,2.0,3.0,3.0,3.0,3.0,2.0,3.0,3.0,3.0,3.0,3.0,3.0,8.0,8.0,4.0,12.0,12.0,0.0,0.0,1.0,1.0,0.0,0.0,0.0,0.0,5325.0,4865.0,3.0,3.0,0.0,0.0,9.0,7.0,3.0,0.0,0.0,1.0,1.0,0,0.0,0.0,1,0,0,2.0,0,fER-m@-te
fiente,NOM,-13.9561084056,0.0,0.0,0.0,0.0,0.0,0.0,0.0,0.0,0.0,0.0,0.0,0.0,0.0,0.0,0.0,0.0,0.0,0.0,0.0,0.0,0.0,0.0,0.0,0.0,0.0,0.0,0.0,0.0,0.0,0.0,0.0,0.0,0.0,0.0,0.0,2.0,2.0,2.0,0.0,4.0,4.0,2.0,1.0,1.0,0.0,0.0,0.0,0.0,0.0,0.0,0.0,0.0,0.0,0.0,1.0,1.0,-1.0,-1.0,6.0,4.0,1.0,0.0,1.0,0.0,1.0,1.0,7.788861529281124e-08,0.0,1,0,0,2.0,0,fj@t
finesse,NOM,-12.8490802391,0.0,0.0,0.0,0.0,0.0,0.0,0.0,1.0,1.0,1.0,0.0,1.0,0.0,2.0,0.0,0.0,0.0,0.0,0.0,0.0,3.0,3.0,3.0,3.0,3.0,3.0,3.0,3.0,3.0,3.0,3.0,3.0,3.0,3.0,3.0,0.0,3.0,3.0,0.0,9.0,9.0,1.0,1.0,1.0,0.0,0.0,0.0,0.0,0.0,0.0,0.0,0.0,0.0,0.0,1.0,1.0,0.0,1.0,7.0,5.0,2.0,0.0,0.0,1.0,1.0,2.0,5.499797645337369e-06,0.0,1,1,0,2.0,1,fi-nEs
flexible,ADJ,-13.359921501,0.0,0.0,0.0,0.0,0.0,0.0,0.0,0.0,0.0,0.0,0.0,0.0,0.0,0.0,0.0,0.0,0.0,424.0,1022.0,3.0,2.0,2.0,2.0,2.0,2.0,3.0,3.0,3.0,3.0,3.0,2.0,3.0,3.0,2.0,3.0,2.0,3.0,3.0,3.0,11.0,11.0,2.0,9.0,9.0,0.0,0.0,1.0,1.0,0.0,0.0,0.0,0.0,424.0,1022.0,2.0,3.0,0.0,0.0,8.0,8.0,2.0,0.0,1.0,0.0,0.0,0,0.0,0.0,1,0,0,0.0,1,flEk-sibl
flore,NOM,-14.2500604651,0.0,0.0,0.0,0.0,0.0,0.0,0.0,0.0,0.0,0.0,0.0,0.0,0.0,0.0,0.0,0.0,0.0,21385.0,19845.0,3.0,3.0,3.0,3.0,2.0,2.0,3.0,3.0,3.0,3.0,3.0,3.0,3.0,3.0,3.0,3.0,3.0,3.0,3.0,3.0,20.0,20.0,4.0,30.0,24.0,0.0,0.0,1.0,1.0,0.0,0.0,0.0,0.0,21385.0,19845.0,2.0,2.0,1.0,1.0,5.0,4.0,1.0,0.0,1.0,0.0,1.0,2.0,7.303691102360904e-06,2.0,1,0,0,1.0,0,flOR
flottant,ADJ,-12.9233534669,0.0,0.0,0.0,0.0,0.0,0.0,0.0,0.0,0.0,1.0,0.0,1.0,0.0,2.0,0.0,0.0,0.0,1576.0,2057.0,3.0,3.0,3.0,3.0,3.0,3.0,3.0,3.0,3.0,3.0,3.0,3.0,3.0,3.0,3.0,3.0,3.0,3.0,3.0,3.0,18.0,18.0,5.0,17.0,17.0,0.0,0.0,1.0,1.0,0.0,0.0,0.0,0.0,1576.0,2057.0,2.0,2.0,1.0,0.0,8.0,5.0,2.0,0.0,0.5,0.5,2.0,4.0,2.533407648224542e-05,1.0,0,0,0,3.0,1,flo-t@
fluo,NOM,-19.6046453987,0.0,0.0,0.0,0.0,0.0,0.0,0.0,0.0,0.0,0.0,0.0,0.0,0.0,0.0,0.0,0.0,0.0,0.0,0.0,0.0,1.0,1.0,0.0,0.0,0.0,2.0,2.0,0.0,0.0,0.0,2.0,2.0,0.0,0.0,0.0,0.0,3.0,3.0,0.0,15.0,8.0,1.0,1.0,1.0,0.0,0.0,0.0,0.0,0.0,0.0,0.0,0.0,0.0,0.0,1.0,1.0,0.0,0.0,4.0,4.0,2.0,0.0,0.5,0.5,0.0,0.0,0.0,0.0,0,0,0,0.0,0,fly-o
forestier,ADJ,-12.5556117122,0.0,0.0,0.0,0.0,0.0,0.0,0.0,0.0,0.0,0.0,0.0,0.0,0.0,0.0,0.0,0.0,0.0,877.0,910.0,3.0,3.0,3.0,3.0,2.0,2.0,3.0,3.0,3.0,3.0,3.0,3.0,3.0,3.0,3.0,3.0,0.0,2.0,2.0,3.0,5.0,5.0,1.0,7.0,7.0,0.0,0.0,1.0,1.0,0.0,0.0,0.0,0.0,877.0,910.0,2.0,2.0,0.0,0.0,9.0,8.0,3.0,0.0,0.0,1.0,1.0,0,0.0,0.0,1,0,0,1.0,1,fo-REs-tje
fourche,NOM,-13.2662065118,0.0,0.0,0.0,0.0,0.0,0.0,0.0,0.0,0.0,0.0,1.0,0.0,1.0,2.0,0.0,0.0,0.0,21385.0,19845.0,3.0,2.0,2.0,3.0,2.0,2.0,3.0,3.0,3.0,3.0,3.0,3.0,3.0,3.0,3.0,3.0,2.0,3.0,3.0,3.0,14.0,15.0,2.0,7.0,7.0,0.0,0.0,1.0,1.0,0.0,0.0,0.0,0.0,21385.0,19845.0,2.0,2.0,1.0,1.0,7.0,4.0,1.0,0.0,1.0,0.0,2.0,3.0,5.254952692828679e-07,0.0,1,0,0,3.0,1,fuRS
frai,NOM,-17.036343918,0.0,0.0,0.0,0.0,0.0,0.0,0.0,0.0,0.0,0.0,0.0,0.0,1.0,1.0,0.0,0.0,0.0,0.0,0.0,0.0,3.0,3.0,3.0,1.0,2.0,3.0,3.0,3.0,1.0,1.0,3.0,3.0,3.0,1.0,1.0,3.0,3.0,3.0,0.0,19.0,19.0,3.0,1.0,1.0,0.0,0.0,0.0,0.0,0.0,0.0,0.0,0.0,0.0,0.0,1.0,1.0,-1.0,-1.0,4.0,3.0,1.0,0.0,1.0,0.0,1.0,4.0,0.0003785814712267865,4.0,0,0,0,1.0,0,fRE
frigorifique,ADJ,-15.078856146,0.0,0.0,0.0,0.0,0.0,0.0,0.0,0.0,0.0,0.0,1.0,0.0,0.0,1.0,0.0,0.0,0.0,36.0,2116.0,2.0,1.0,1.0,2.0,1.0,1.0,2.0,2.0,2.0,1.0,1.0,1.0,1.0,2.0,1.0,1.0,0.0,3.0,3.0,2.0,9.0,9.0,1.0,3.0,3.0,0.0,0.0,1.0,1.0,0.0,0.0,0.0,0.0,36.0,2116.0,2.0,2.0,0.0,0.0,12.0,10.0,4.0,0.0,0.25,0.75,1.0,0,0.0,0.0,1,1,0,2.0,0,fRi-go-Ri-fik
gelé,ADJ,-12.5619112382,0.0,0.0,0.0,0.0,0.0,0.0,0.0,0.0,0.0,0.0,0.0,0.0,0.0,0.0,0.0,0.0,0.0,4358.0,4315.0,3.0,3.0,3.0,2.0,2.0,2.0,3.0,3.0,3.0,3.0,3.0,3.0,3.0,3.0,3.0,3.0,3.0,1.0,1.0,3.0,3.0,3.0,3.0,15.0,17.0,0.0,0.0,1.0,1.0,0.0,0.0,0.0,0.0,4358.0,4315.0,2.0,2.0,0.0,0.0,4.0,4.0,2.0,0.0,0.0,1.0,0.0,3.0,2.773036656045108e-06,0.0,1,1,0,0.0,1,Z°-le
gestation,NOM,-14.3581993977,0.0,0.0,0.0,0.0,0.0,0.0,0.0,0.0,0.0,0.0,0.0,1.0,0.0,1.0,0.0,0.0,0.0,1963.0,1065.0,3.0,3.0,3.0,3.0,3.0,3.0,3.0,3.0,3.0,3.0,3.0,3.0,3.0,3.0,3.0,3.0,2.0,3.0,3.0,3.0,12.0,10.0,2.0,31.0,39.0,0.0,0.0,1.0,1.0,0.0,0.0,0.0,0.0,1083.0,1065.0,4.0,3.0,0.0,1.0,9.0,8.0,3.0,0.0,0.0,1.0,1.0,1.0,1.7408596394001047e-07,0.0,1,1,0,1.0,0,ZEs-ta-sj§
glande,NOM,-12.927899126,0.0,0.0,0.0,0.0,0.0,1.0,1.0,1.0,1.0,0.0,0.0,1.0,0.0,1.0,0.0,47.0,51.0,21385.0,19845.0,3.0,2.0,2.0,3.0,2.0,2.0,3.0,3.0,3.0,3.0,3.0,3.0,3.0,3.0,3.0,3.0,2.0,3.0,3.0,3.0,10.0,10.0,2.0,17.0,20.0,1.0,1.0,1.0,1.0,0.0,0.0,47.0,51.0,21385.0,19845.0,3.0,3.0,-1.0,1.0,6.0,4.0,1.0,0.0,1.0,0.0,1.0,4.0,0.0006448277008380334,2.0,1,0,0,2.0,0,gl@d
gouffre,NOM,-12.369886168,0.0,0.0,0.0,0.0,0.0,0.0,0.0,0.0,0.0,1.0,0.0,0.0,1.0,2.0,0.0,0.0,0.0,0.0,0.0,0.0,3.0,3.0,3.0,3.0,3.0,2.0,2.0,3.0,2.0,2.0,2.0,3.0,3.0,2.0,3.0,0.0,0.0,0.0,0.0,1.0,1.0,1.0,1.0,1.0,0.0,0.0,0.0,0.0,0.0,0.0,0.0,0.0,0.0,0.0,1.0,1.0,1.0,1.0,7.0,4.0,1.0,0.0,1.0,0.0,2.0,1.0,2.067259463168805e-05,1.0,1,0,1,3.0,1,gufR
gouvernail,NOM,-12.661500603,0.0,0.0,0.0,0.0,0.0,0.0,0.0,0.0,0.0,0.0,0.0,0.0,2.0,2.0,0.0,0.0,0.0,0.0,0.0,0.0,3.0,3.0,3.0,3.0,3.0,3.0,3.0,2.0,2.0,2.0,3.0,3.0,2.0,2.0,2.0,0.0,3.0,3.0,0.0,18.0,15.0,1.0,1.0,1.0,0.0,0.0,0.0,0.0,0.0,0.0,0.0,0.0,0.0,0.0,1.0,1.0,0.0,1.0,10.0,8.0,3.0,0.0,0.3333333333333333,0.6666666666666666,1.0,2.0,1.5126756133095398e-06,0.0,1,0,0,2.0,1,gu-vER-naj
grignoter,VER,-12.4570199559,0.0,0.0,0.0,0.0,0.0,0.0,0.0,0.0,0.0,0.0,1.0,0.0,0.0,1.0,0.0,0.0,0.0,13355.0,2745.0,3.0,0.0,0.0,1.0,0.0,0.0,2.0,2.0,2.0,2.0,2.0,1.0,1.0,1.0,1.0,1.0,3.0,3.0,3.0,3.0,12.0,12.0,4.0,10.0,7.0,0.0,0.0,1.0,1.0,1.0,0.0,0.0,0.0,5325.0,2745.0,4.0,2.0,0.0,0.0,9.0,7.0,3.0,0.0,0.3333333333333333,0.6666666666666666,1.0,0,0.0,0.0,1,0,0,2.0,1,gRi-No-te
grillage,NOM,-13.3254351236,0.0,0.0,0.0,0.0,0.0,0.0,0.0,1.0,1.0,1.0,0.0,0.0,0.0,1.0,0.0,0.0,0.0,21385.0,19845.0,3.0,3.0,3.0,2.0,1.0,1.0,3.0,3.0,2.0,2.0,2.0,3.0,3.0,2.0,2.0,2.0,2.0,3.0,3.0,3.0,16.0,16.0,2.0,5.0,5.0,0.0,0.0,1.0,1.0,0.0,0.0,0.0,0.0,21385.0,19845.0,2.0,2.0,0.0,6.0,8.0,6.0,2.0,0.5,0.5,0.0,1.0,2.0,9.618334902732143e-07,0.0,1,1,1,2.0,1,gRi-jaZ
grimoire,NOM,-14.4373795376,0.0,0.0,0.0,0.0,0.0,0.0,0.0,0.0,0.0,0.0,0.0,0.0,0.0,0.0,0.0,0.0,0.0,179.0,274.0,1.0,1.0,1.0,2.0,1.0,2.0,2.0,2.0,2.0,2.0,2.0,2.0,2.0,2.0,2.0,2.0,0.0,2.0,2.0,2.0,5.0,5.0,1.0,2.0,2.0,0.0,0.0,1.0,1.0,0.0,0.0,0.0,0.0,179.0,274.0,2.0,2.0,-1.0,-1.0,8.0,7.0,2.0,0.0,1.0,0.0,1.0,0,0.0,0.0,1,0,0,1.0,0,gRi-mwaR
grimpeur,ADJ,-18.6078333801,0.0,0.0,0.0,0.0,0.0,0.0,0.0,0.0,0.0,0.0,0.0,0.0,1.0,1.0,0.0,0.0,0.0,11562.0,10620.0,3.0,2.0,2.0,3.0,2.0,2.0,3.0,3.0,3.0,3.0,3.0,3.0,3.0,3.0,3.0,3.0,0.0,3.0,3.0,3.0,12.0,12.0,1.0,14.0,14.0,0.0,0.0,1.0,1.0,0.0,0.0,0.0,0.0,1739.0,1395.0,3.0,3.0,0.0,1.0,8.0,6.0,2.0,0.0,0.5,0.5,1.0,0,0.0,0.0,1,0,0,2.0,0,gR5-p9R
géologue,NOM,-13.6142413234,0.0,0.0,0.0,0.0,0.0,0.0,0.0,1.0,1.0,0.0,0.0,0.0,0.0,0.0,0.0,0.0,0.0,21385.0,0.0,3.0,3.0,3.0,3.0,3.0,3.0,3.0,3.0,2.0,3.0,2.0,3.0,3.0,3.0,3.0,2.0,0.0,2.0,2.0,0.0,4.0,4.0,1.0,9.0,1.0,0.0,0.0,1.0,0.0,0.0,0.0,0.0,0.0,21385.0,0.0,3.0,1.0,0.0,1.0,8.0,6.0,3.0,0.0,0.0,1.0,1.0,1.0,7.719700774180113e-06,1.0,1,0,0,2.0,0,Ze-o-lOg
haie,NOM,-12.5036098319,0.0,0.0,0.0,0.0,0.0,0.0,0.0,0.0,0.0,0.0,0.0,0.0,1.0,1.0,0.0,0.0,0.0,21385.0,19845.0,3.0,3.0,3.0,3.0,3.0,3.0,3.0,3.0,3.0,3.0,3.0,3.0,3.0,3.0,3.0,3.0,2.0,0.0,0.0,3.0,2.0,2.0,2.0,8.0,6.0,0.0,0.0,1.0,1.0,0.0,0.0,0.0,0.0,21385.0,19845.0,2.0,2.0,0.0,1.0,4.0,1.0,1.0,0.0,0.0,1.0,2.0,14.0,6.802489997542434e-05,0.0,1,0,0,3.0,1,E
hausser,VER,-13.1516207264,0.0,0.0,0.0,0.0,0.0,0.0,0.0,0.0,0.0,1.0,0.0,0.0,1.0,2.0,0.0,0.0,0.0,13355.0,12355.0,3.0,3.0,3.0,0.0,2.0,2.0,3.0,3.0,2.0,3.0,3.0,3.0,3.0,1.0,3.0,3.0,3.0,3.0,3.0,3.0,8.0,8.0,5.0,17.0,17.0,0.0,0.0,1.0,1.0,0.0,0.0,0.0,0.0,5325.0,4865.0,3.0,3.0,0.0,1.0,7.0,3.0,2.0,0.0,0.0,1.0,2.0,3.0,4.765407903250803e-06,0.0,1,1,0,4.0,1,o-se
hiberner,VER,-14.1524732681,0.0,0.0,0.0,0.0,0.0,0.0,0.0,0.0,0.0,0.0,0.0,0.0,0.0,0.0,0.0,0.0,0.0,2414.0,2745.0,3.0,2.0,2.0,0.0,1.0,2.0,2.0,2.0,1.0,2.0,2.0,2.0,2.0,1.0,2.0,2.0,3.0,3.0,3.0,3.0,6.0,6.0,3.0,6.0,6.0,0.0,0.0,1.0,1.0,0.0,0.0,0.0,0.0,2414.0,2745.0,2.0,2.0,0.0,0.0,8.0,6.0,3.0,0.0,0.0,1.0,1.0,1.0,3.132652453307206e-07,1.0,1,0,0,2.0,1,i-bER-ne
humidité,NOM,-12.3067311476,0.0,0.0,0.0,1.0,1.0,1.0,1.0,1.0,1.0,0.0,0.0,0.0,0.0,0.0,0.0,0.0,0.0,349.0,753.0,3.0,3.0,3.0,3.0,2.0,3.0,3.0,3.0,3.0,3.0,3.0,3.0,3.0,3.0,3.0,3.0,0.0,3.0,3.0,3.0,10.0,9.0,1.0,10.0,5.0,0.0,0.0,1.0,1.0,0.0,0.0,0.0,0.0,349.0,753.0,2.0,2.0,0.0,4.0,8.0,7.0,4.0,0.0,0.0,1.0,1.0,1.0,1.2270708658871294e-05,0.0,0,0,0,1.0,1,y-mi-di-te
humus,NOM,-14.8682392283,0.0,0.0,0.0,0.0,0.0,0.0,0.0,0.0,0.0,0.0,0.0,0.0,0.0,0.0,0.0,0.0,0.0,3161.0,2603.0,1.0,2.0,3.0,3.0,2.0,3.0,2.0,2.0,2.0,2.0,2.0,2.0,2.0,2.0,2.0,2.0,0.0,0.0,0.0,0.0,2.0,1.0,1.0,2.0,1.0,0.0,0.0,1.0,1.0,0.0,0.0,0.0,0.0,3161.0,2603.0,2.0,2.0,-1.0,1.0,5.0,4.0,2.0,0.0,0.0,1.0,1.0,1.0,3.814406001213689e-08,0.0,1,0,0,1.0,0,y-mys
hérisson,NOM,-14.0083934114,0.0,0.0,0.0,0.0,0.0,0.0,0.0,0.0,0.0,1.0,0.0,1.0,0.0,2.0,0.0,0.0,0.0,1432.0,1140.0,3.0,1.0,1.0,2.0,2.0,1.0,2.0,2.0,2.0,2.0,2.0,2.0,2.0,2.0,2.0,2.0,3.0,3.0,3.0,3.0,8.0,8.0,3.0,5.0,7.0,0.0,0.0,1.0,1.0,0.0,0.0,0.0,0.0,1432.0,1140.0,2.0,2.0,0.0,1.0,8.0,5.0,3.0,0.0,0.0,1.0,2.0,0,0.0,0.0,1,1,0,3.0,1,e-Ri-s§
influer,VER,-13.4478897817,0.0,0.0,0.0,0.0,0.0,0.0,0.0,0.0,0.0,0.0,0.0,1.0,0.0,1.0,0.0,1430.0,1264.0,13355.0,12355.0,3.0,3.0,3.0,2.0,3.0,3.0,3.0,3.0,3.0,3.0,3.0,3.0,3.0,3.0,3.0,3.0,3.0,2.0,2.0,3.0,5.0,5.0,4.0,30.0,23.0,1.0,1.0,1.0,1.0,0.0,0.0,1430.0,1264.0,5325.0,4865.0,4.0,4.0,-1.0,0.0,7.0,5.0,3.0,0.0,0.3333333333333333,0.6666666666666666,1.0,0,0.0,0.0,1,0,0,2.0,0,5-fly-e
ingérer,VER,-13.4633338474,0.0,0.0,0.0,0.0,0.0,0.0,0.0,0.0,0.0,0.0,0.0,1.0,0.0,1.0,0.0,1430.0,1264.0,2414.0,2745.0,3.0,2.0,2.0,3.0,2.0,2.0,2.0,2.0,3.0,3.0,3.0,2.0,2.0,3.0,3.0,3.0,3.0,2.0,2.0,3.0,4.0,4.0,4.0,23.0,26.0,1.0,1.0,1.0,1.0,0.0,0.0,1430.0,1264.0,2414.0,2745.0,3.0,3.0,0.0,0.0,7.0,5.0,3.0,0.0,0.0,1.0,1.0,2.0,6.1699623250610624e-06,2.0,1,0,0,2.0,0,5-Ze-Re
irritation,NOM,-13.719090461,0.0,0.0,0.0,0.0,0.0,0.0,0.0,0.0,0.0,1.0,0.0,1.0,0.0,2.0,0.0,120.0,0.0,1963.0,1464.0,3.0,2.0,2.0,2.0,2.0,2.0,3.0,3.0,2.0,3.0,3.0,2.0,2.0,2.0,3.0,2.0,2.0,3.0,3.0,3.0,9.0,9.0,2.0,21.0,9.0,1.0,0.0,1.0,1.0,0.0,0.0,120.0,0.0,1083.0,1464.0,5.0,2.0,1.0,0.0,10.0,8.0,4.0,0.0,0.0,1.0,1.0,1.0,5.143147189476593e-06,0.0,0,0,0,2.0,0,i-Ri-ta-sj§
jour-nuit,NOM,-19.6046453987,0.0,0.0,0.0,0.0,0.0,0.0,0.0,0.0,0.0,0.0,0.0,0.0,1.0,1.0,0.0,nan,nan,nan,nan,nan,nan,nan,nan,nan,nan,nan,nan,nan,nan,nan,nan,nan,nan,nan,nan,nan,nan,nan,nan,nan,nan,nan,nan,nan,nan,nan,nan,nan,nan,nan,nan,nan,nan,nan,nan,nan,-1.0,-1.0,8.0,6.0,3.0,0.0,0.0,1.0,1.0,0.0,0.0,0.0,1,0,0,2.0,0,ZuR-ny-i
judicieux,ADJ,-12.8575373318,0.0,0.0,0.0,0.0,0.0,0.0,0.0,0.0,0.0,0.0,0.0,0.0,1.0,1.0,0.0,0.0,0.0,255.0,267.0,3.0,3.0,3.0,3.0,3.0,3.0,3.0,3.0,2.0,3.0,3.0,3.0,3.0,3.0,3.0,3.0,0.0,3.0,3.0,3.0,13.0,8.0,1.0,12.0,12.0,0.0,0.0,1.0,1.0,0.0,0.0,0.0,0.0,255.0,267.0,2.0,2.0,-1.0,0.0,9.0,7.0,3.0,0.0,0.0,1.0,1.0,0,0.0,0.0,1,0,0,2.0,0,Zy-di-sj2
lisière,NOM,-14.1219499473,0.0,0.0,0.0,0.0,0.0,0.0,0.0,0.0,0.0,0.0,0.0,0.0,0.0,0.0,0.0,0.0,0.0,43.0,43.0,2.0,3.0,3.0,2.0,3.0,2.0,3.0,3.0,3.0,3.0,3.0,2.0,2.0,3.0,2.0,2.0,3.0,2.0,2.0,3.0,5.0,5.0,3.0,4.0,5.0,0.0,0.0,1.0,1.0,0.0,0.0,0.0,0.0,43.0,43.0,2.0,2.0,1.0,1.0,7.0,6.0,2.0,0.0,0.5,0.5,1.0,2.0,1.13645242491478e-05,0.0,1,0,0,1.0,0,li-zjER
longuement,ADV,-12.404373864,0.0,0.0,0.0,0.0,0.0,0.0,0.0,1.0,1.0,0.0,0.0,1.0,0.0,1.0,0.0,0.0,0.0,2592.0,2428.0,3.0,3.0,3.0,3.0,3.0,3.0,3.0,3.0,3.0,3.0,3.0,3.0,3.0,3.0,3.0,3.0,2.0,3.0,3.0,2.0,7.0,7.0,2.0,8.0,2.0,0.0,0.0,1.0,1.0,0.0,0.0,0.0,0.0,2592.0,2428.0,2.0,2.0,0.0,0.0,10.0,5.0,2.0,0.0,0.0,1.0,2.0,0,0.0,0.0,1,0,0,5.0,1,l§g-m@
lynx,NOM,-13.1688630351,0.0,0.0,0.0,0.0,1.0,1.0,1.0,1.0,1.0,0.0,0.0,0.0,0.0,0.0,0.0,0.0,0.0,0.0,0.0,0.0,3.0,3.0,2.0,2.0,2.0,2.0,2.0,2.0,2.0,2.0,2.0,2.0,2.0,2.0,2.0,0.0,0.0,0.0,0.0,1.0,1.0,1.0,1.0,1.0,0.0,0.0,0.0,0.0,0.0,0.0,0.0,0.0,0.0,0.0,1.0,1.0,0.0,2.0,4.0,4.0,1.0,0.0,1.0,0.0,0.0,0,0.0,0.0,1,0,0,0.0,0,l5ks
légendaire,ADJ,-12.3067311476,0.0,0.0,0.0,0.0,0.0,0.0,0.0,0.0,0.0,0.0,0.0,0.0,1.0,1.0,0.0,0.0,0.0,791.0,640.0,3.0,3.0,3.0,3.0,3.0,3.0,3.0,3.0,3.0,3.0,3.0,3.0,3.0,3.0,3.0,3.0,2.0,3.0,3.0,3.0,6.0,6.0,2.0,6.0,6.0,0.0,0.0,1.0,1.0,0.0,0.0,0.0,0.0,791.0,640.0,2.0,2.0,0.0,0.0,10.0,7.0,3.0,0.0,0.0,1.0,2.0,0,0.0,0.0,1,1,0,3.0,1,le-Z@-dER
maintes,ADJ,-12.8575373318,0.0,0.0,0.0,0.0,0.0,0.0,0.0,0.0,0.0,0.0,0.0,1.0,1.0,2.0,0.0,nan,nan,nan,nan,nan,nan,nan,nan,nan,nan,nan,nan,nan,nan,nan,nan,nan,nan,nan,nan,nan,nan,nan,nan,nan,nan,nan,nan,nan,nan,nan,nan,nan,nan,nan,nan,nan,nan,nan,nan,nan,-1.0,-1.0,7.0,3.0,1.0,0.0,0.0,1.0,2.0,1.0,9.12000857716371e-06,0.0,1,0,0,4.0,0,m5t
mammifère,NOM,-13.4790201246,0.0,0.0,0.0,0.0,0.0,0.0,0.0,0.0,0.0,1.0,0.0,0.0,0.0,1.0,0.0,0.0,0.0,48.0,36.0,3.0,1.0,1.0,2.0,1.0,1.0,2.0,2.0,2.0,2.0,3.0,2.0,2.0,2.0,2.0,2.0,2.0,3.0,3.0,3.0,14.0,13.0,2.0,20.0,19.0,0.0,0.0,1.0,1.0,0.0,0.0,0.0,0.0,48.0,36.0,2.0,2.0,0.0,1.0,9.0,7.0,3.0,0.0,0.0,1.0,1.0,0,0.0,0.0,1,0,0,2.0,1,ma-mi-fER
mangeur,NOM,-12.5006335029,0.0,0.0,0.0,0.0,0.0,0.0,0.0,0.0,0.0,0.0,0.0,1.0,1.0,2.0,0.0,72.0,36.0,11562.0,10620.0,3.0,3.0,3.0,2.0,3.0,3.0,3.0,3.0,2.0,3.0,3.0,3.0,3.0,2.0,3.0,3.0,2.0,3.0,3.0,3.0,13.0,9.0,2.0,15.0,13.0,1.0,1.0,1.0,1.0,0.0,0.0,72.0,36.0,1739.0,1395.0,4.0,4.0,0.0,1.0,7.0,5.0,2.0,0.0,0.0,1.0,1.0,2.0,3.9328075953946717e-07,0.0,1,1,0,2.0,1,m@-Z9R
manuellement,ADV,-13.3811989202,0.0,0.0,0.0,0.0,0.0,0.0,0.0,1.0,1.0,1.0,0.0,1.0,0.0,2.0,0.0,0.0,0.0,216.0,248.0,3.0,3.0,3.0,3.0,3.0,3.0,3.0,3.0,3.0,3.0,3.0,3.0,3.0,3.0,3.0,3.0,0.0,3.0,3.0,3.0,6.0,6.0,1.0,16.0,15.0,0.0,0.0,1.0,1.0,0.0,0.0,0.0,0.0,58.0,54.0,3.0,3.0,0.0,0.0,12.0,8.0,3.0,0.0,0.3333333333333333,0.6666666666666666,2.0,0,0.0,0.0,1,0,1,4.0,0,ma-n8El-m@
mara,NOM,-14.6174244121,0.0,0.0,0.0,0.0,0.0,0.0,0.0,0.0,0.0,0.0,0.0,0.0,0.0,0.0,0.0,0.0,0.0,2615.0,0.0,3.0,3.0,3.0,0.0,3.0,0.0,3.0,3.0,0.0,3.0,0.0,3.0,3.0,0.0,3.0,0.0,0.0,2.0,2.0,0.0,5.0,5.0,1.0,42.0,1.0,0.0,0.0,1.0,0.0,0.0,0.0,0.0,0.0,2615.0,0.0,2.0,1.0,-1.0,-1.0,4.0,4.0,2.0,0.0,0.0,1.0,0.0,17.0,0.00020748918770272385,17.0,0,0,0,0.0,0,ma-Ra
micro-faune,NOM,-19.6046453987,0.0,0.0,0.0,0.0,0.0,0.0,0.0,0.0,0.0,0.0,0.0,1.0,1.0,2.0,0.0,nan,nan,nan,nan,nan,nan,nan,nan,nan,nan,nan,nan,nan,nan,nan,nan,nan,nan,nan,nan,nan,nan,nan,nan,nan,nan,nan,nan,nan,nan,nan,nan,nan,nan,nan,nan,nan,nan,nan,nan,nan,-1.0,-1.0,10.0,8.0,3.0,0.0,0.3333333333333333,0.6666666666666666,1.0,0.0,0.0,0.0,1,0,0,2.0,0,mi-kRo-fon
migrateur,ADJ,-14.777481249,0.0,0.0,0.0,0.0,0.0,0.0,0.0,0.0,0.0,0.0,0.0,0.0,1.0,1.0,0.0,0.0,0.0,1115.0,436.0,3.0,3.0,3.0,2.0,3.0,2.0,3.0,3.0,2.0,3.0,3.0,3.0,3.0,2.0,3.0,3.0,2.0,3.0,3.0,3.0,12.0,11.0,2.0,21.0,11.0,0.0,0.0,1.0,1.0,0.0,0.0,0.0,0.0,1115.0,436.0,3.0,2.0,0.0,0.0,9.0,8.0,3.0,0.0,0.3333333333333333,0.6666666666666666,1.0,0,0.0,0.0,1,0,0,1.0,1,mi-gRa-t9R
mollusque,NOM,-13.7920304299,0.0,0.0,0.0,0.0,0.0,0.0,0.0,0.0,0.0,1.0,1.0,0.0,0.0,2.0,0.0,0.0,0.0,2126.0,2116.0,0.0,2.0,2.0,2.0,2.0,2.0,2.0,2.0,2.0,2.0,2.0,2.0,2.0,2.0,2.0,2.0,0.0,1.0,1.0,0.0,3.0,3.0,1.0,1.0,1.0,0.0,0.0,1.0,1.0,0.0,0.0,0.0,0.0,2126.0,2116.0,2.0,2.0,0.0,2.0,9.0,6.0,2.0,0.0,0.5,0.5,2.0,0,0.0,0.0,1,1,1,3.0,0,mo-lysk
mosaïque,NOM,-14.2848248253,0.0,0.0,0.0,1.0,1.0,1.0,1.0,1.0,1.0,0.0,1.0,0.0,0.0,1.0,0.0,0.0,0.0,2126.0,2116.0,3.0,3.0,3.0,3.0,2.0,2.0,3.0,3.0,3.0,3.0,3.0,3.0,3.0,3.0,3.0,3.0,2.0,2.0,2.0,3.0,5.0,5.0,2.0,5.0,5.0,0.0,0.0,1.0,1.0,0.0,0.0,0.0,0.0,2126.0,2116.0,2.0,2.0,0.0,4.0,8.0,6.0,3.0,0.0,0.3333333333333333,0.6666666666666666,1.0,1.0,7.788861529281124e-08,0.0,1,1,0,2.0,1,mo-za-ik
moulé,ADJ,-15.1601730808,0.0,0.0,0.0,0.0,0.0,0.0,0.0,0.0,0.0,0.0,0.0,0.0,1.0,1.0,0.0,0.0,0.0,4358.0,4315.0,3.0,3.0,3.0,1.0,3.0,3.0,3.0,3.0,2.0,3.0,3.0,3.0,3.0,2.0,3.0,3.0,3.0,3.0,3.0,3.0,26.0,26.0,4.0,23.0,22.0,0.0,0.0,1.0,1.0,0.0,0.0,0.0,0.0,4358.0,4315.0,2.0,2.0,0.0,0.0,5.0,4.0,2.0,0.0,0.0,1.0,1.0,8.0,3.902404717520529e-05,3.0,0,0,0,1.0,0,mu-le
mousquetaire,NOM,-12.6104667286,0.0,0.0,0.0,0.0,0.0,0.0,0.0,0.0,0.0,0.0,1.0,0.0,2.0,3.0,0.0,0.0,0.0,791.0,640.0,3.0,2.0,2.0,2.0,2.0,2.0,2.0,2.0,2.0,2.0,2.0,2.0,2.0,2.0,2.0,2.0,2.0,3.0,3.0,3.0,6.0,6.0,2.0,6.0,6.0,0.0,0.0,1.0,1.0,0.0,0.0,0.0,0.0,791.0,640.0,2.0,2.0,0.0,1.0,12.0,8.0,3.0,0.0,0.0,1.0,2.0,0,0.0,0.0,1,1,0,4.0,1,mus-k°-tER
muscler,VER,-13.3390873163,0.0,0.0,0.0,0.0,0.0,0.0,0.0,0.0,0.0,0.0,0.0,0.0,0.0,0.0,0.0,0.0,0.0,13355.0,12355.0,1.0,3.0,3.0,2.0,2.0,3.0,3.0,3.0,2.0,2.0,3.0,3.0,3.0,2.0,2.0,3.0,2.0,3.0,3.0,3.0,7.0,7.0,2.0,2.0,4.0,0.0,0.0,1.0,1.0,0.0,0.0,0.0,0.0,5325.0,4865.0,3.0,3.0,0.0,0.0,7.0,6.0,2.0,0.0,0.5,0.5,1.0,2.0,3.368672528973571e-05,2.0,1,0,0,1.0,0,mys-kle
méconnaître,VER,-15.0405398867,0.0,0.0,0.0,0.0,0.0,0.0,0.0,0.0,0.0,1.0,0.0,1.0,0.0,2.0,0.0,0.0,0.0,0.0,0.0,0.0,1.0,1.0,1.0,1.0,1.0,0.0,0.0,1.0,0.0,0.0,0.0,0.0,1.0,0.0,0.0,0.0,0.0,0.0,0.0,1.0,1.0,1.0,1.0,1.0,0.0,0.0,0.0,0.0,0.0,0.0,0.0,0.0,0.0,0.0,1.0,1.0,0.0,0.0,11.0,8.0,3.0,0.0,0.3333333333333333,0.6666666666666666,2.0,1.0,1.326034311880229e-07,0.0,1,0,0,3.0,0,me-ko-nEtR
médicinal,ADJ,-13.882472156,0.0,0.0,0.0,0.0,0.0,0.0,0.0,0.0,0.0,0.0,0.0,1.0,0.0,1.0,0.0,0.0,0.0,1623.0,1684.0,3.0,1.0,1.0,1.0,2.0,1.0,2.0,2.0,1.0,3.0,2.0,2.0,2.0,1.0,3.0,2.0,0.0,2.0,2.0,3.0,5.0,5.0,1.0,39.0,5.0,0.0,0.0,1.0,1.0,0.0,0.0,0.0,0.0,1623.0,1684.0,3.0,2.0,-1.0,0.0,9.0,9.0,4.0,0.0,0.0,1.0,0.0,0,0.0,0.0,1,0,0,0.0,0,me-di-si-nal
mélatonine,NOM,-15.9564668156,0.0,0.0,0.0,0.0,0.0,0.0,0.0,0.0,0.0,0.0,0.0,2.0,0.0,2.0,0.0,0.0,0.0,0.0,0.0,0.0,2.0,2.0,2.0,2.0,2.0,1.0,1.0,2.0,1.0,2.0,2.0,2.0,2.0,2.0,2.0,0.0,0.0,0.0,0.0,1.0,1.0,1.0,1.0,1.0,0.0,0.0,0.0,0.0,0.0,0.0,0.0,0.0,0.0,0.0,1.0,1.0,-1.0,-1.0,10.0,9.0,4.0,0.0,0.0,1.0,1.0,0.0,0.0,0.0,1,0,0,1.0,0,me-la-to-nin
nacre,NOM,-14.2848248253,0.0,0.0,0.0,0.0,0.0,0.0,0.0,0.0,0.0,0.0,0.0,0.0,0.0,0.0,0.0,0.0,0.0,21385.0,19845.0,3.0,1.0,1.0,2.0,1.0,1.0,2.0,2.0,2.0,2.0,2.0,2.0,2.0,2.0,2.0,2.0,2.0,3.0,3.0,3.0,8.0,8.0,2.0,6.0,5.0,0.0,0.0,1.0,1.0,0.0,0.0,0.0,0.0,21385.0,19845.0,2.0,2.0,0.0,1.0,5.0,4.0,1.0,0.0,1.0,0.0,1.0,5.0,5.2380453660924106e-06,0.0,1,0,0,1.0,0,nakR
nacrer,VER,-19.6046453987,0.0,0.0,0.0,0.0,0.0,0.0,0.0,0.0,0.0,0.0,0.0,0.0,0.0,0.0,0.0,0.0,0.0,13355.0,12355.0,3.0,1.0,1.0,0.0,1.0,1.0,2.0,2.0,1.0,2.0,2.0,2.0,2.0,1.0,2.0,2.0,3.0,3.0,3.0,3.0,8.0,8.0,3.0,6.0,5.0,0.0,0.0,1.0,1.0,0.0,0.0,0.0,0.0,5325.0,4865.0,3.0,3.0,-1.0,-1.0,6.0,5.0,2.0,0.0,0.5,0.5,1.0,0.0,0.0,0.0,1,0,0,1.0,0,na-kRe
noisette,NOM,-12.6510833527,0.0,0.0,0.0,0.0,0.0,0.0,0.0,1.0,1.0,1.0,0.0,0.0,0.0,1.0,0.0,0.0,0.0,21385.0,19845.0,3.0,2.0,2.0,2.0,1.0,1.0,2.0,2.0,2.0,2.0,2.0,2.0,2.0,2.0,2.0,2.0,2.0,3.0,3.0,3.0,6.0,6.0,2.0,5.0,5.0,0.0,0.0,1.0,1.0,0.0,0.0,0.0,0.0,21385.0,19845.0,2.0,2.0,1.0,1.0,8.0,6.0,2.0,0.0,0.0,1.0,1.0,1.0,3.814406001213689e-08,0.0,1,0,0,2.0,1,nwa-zEt
nullement,ADV,-13.3459839359,0.0,0.0,0.0,0.0,0.0,0.0,0.0,0.0,0.0,1.0,0.0,0.0,0.0,1.0,0.0,0.0,0.0,11988.0,11136.0,3.0,3.0,3.0,3.0,3.0,3.0,3.0,3.0,3.0,3.0,3.0,3.0,3.0,3.0,3.0,3.0,2.0,3.0,3.0,3.0,7.0,7.0,2.0,8.0,8.0,0.0,0.0,1.0,1.0,0.0,0.0,0.0,0.0,2592.0,2428.0,3.0,3.0,0.0,0.0,9.0,5.0,2.0,0.0,0.0,1.0,2.0,0,0.0,0.0,1,0,1,4.0,1,nyl-m@
nutritif,ADJ,-13.670065681,0.0,0.0,0.0,0.0,0.0,0.0,0.0,0.0,0.0,0.0,0.0,0.0,0.0,0.0,0.0,0.0,0.0,294.0,0.0,3.0,2.0,2.0,2.0,2.0,2.0,3.0,3.0,2.0,2.0,1.0,2.0,2.0,2.0,2.0,1.0,2.0,3.0,3.0,0.0,10.0,9.0,2.0,7.0,1.0,0.0,0.0,1.0,0.0,0.0,0.0,0.0,0.0,294.0,0.0,2.0,1.0,0.0,1.0,8.0,8.0,3.0,0.0,0.3333333333333333,0.6666666666666666,0.0,0,0.0,0.0,0,0,0,0.0,0,ny-tRi-tif
névé,NOM,-19.6046453987,0.0,0.0,0.0,0.0,0.0,0.0,0.0,0.0,0.0,0.0,0.0,0.0,0.0,0.0,0.0,0.0,0.0,0.0,0.0,0.0,0.0,1.0,0.0,0.0,0.0,0.0,0.0,0.0,0.0,0.0,0.0,0.0,0.0,0.0,0.0,0.0,0.0,0.0,0.0,1.0,1.0,1.0,1.0,1.0,0.0,0.0,0.0,0.0,0.0,0.0,0.0,0.0,0.0,0.0,1.0,1.0,0.0,0.0,4.0,4.0,2.0,0.0,0.0,1.0,0.0,3.0,1.7383581729056362e-06,3.0,0,0,0,0.0,0,ne-ve
occupant,NOM,-12.8490802391,0.0,0.0,0.0,0.0,0.0,1.0,1.0,1.0,1.0,1.0,0.0,1.0,0.0,2.0,0.0,0.0,0.0,1576.0,2057.0,3.0,3.0,3.0,3.0,3.0,3.0,3.0,3.0,3.0,3.0,3.0,3.0,3.0,3.0,3.0,3.0,3.0,3.0,3.0,3.0,18.0,18.0,4.0,26.0,25.0,0.0,0.0,1.0,1.0,0.0,0.0,0.0,0.0,1576.0,2057.0,2.0,2.0,0.0,1.0,8.0,5.0,3.0,0.0,0.0,1.0,2.0,2.0,4.158324476351979e-05,2.0,1,0,0,3.0,0,o-ky-p@
oisillon,NOM,-14.5011645597,0.0,0.0,0.0,0.0,0.0,0.0,0.0,0.0,0.0,1.0,0.0,1.0,0.0,2.0,0.0,0.0,0.0,0.0,0.0,0.0,1.0,1.0,1.0,1.0,1.0,0.0,0.0,1.0,0.0,0.0,1.0,1.0,1.0,1.0,1.0,0.0,0.0,0.0,0.0,1.0,1.0,1.0,1.0,1.0,0.0,0.0,0.0,0.0,0.0,0.0,0.0,0.0,0.0,0.0,1.0,1.0,0.0,0.0,8.0,6.0,3.0,0.0,0.6666666666666666,0.3333333333333333,1.0,0,0.0,0.0,1,0,1,2.0,1,wa-zi-j§
oranger,NOM,-13.2042659027,0.0,0.0,0.0,0.0,0.0,0.0,0.0,0.0,0.0,0.0,0.0,1.0,0.0,1.0,0.0,0.0,0.0,13355.0,12355.0,3.0,3.0,3.0,3.0,3.0,3.0,3.0,3.0,3.0,3.0,3.0,3.0,3.0,3.0,3.0,3.0,2.0,3.0,3.0,3.0,10.0,10.0,2.0,12.0,11.0,0.0,0.0,1.0,1.0,0.0,0.0,0.0,0.0,5325.0,4865.0,3.0,3.0,0.0,0.0,7.0,5.0,3.0,0.0,0.0,1.0,1.0,2.0,6.395988354601731e-06,1.0,1,1,0,2.0,1,o-R@-Ze
orfèvre,NOM,-13.9434531686,0.0,0.0,0.0,0.0,0.0,0.0,0.0,0.0,0.0,0.0,0.0,0.0,0.0,0.0,0.0,0.0,0.0,0.0,0.0,0.0,2.0,2.0,2.0,2.0,2.0,2.0,2.0,2.0,2.0,2.0,2.0,2.0,2.0,2.0,2.0,2.0,1.0,1.0,0.0,3.0,3.0,2.0,1.0,1.0,0.0,0.0,0.0,0.0,0.0,0.0,0.0,0.0,0.0,0.0,1.0,1.0,0.0,3.0,7.0,6.0,2.0,0.0,1.0,0.0,1.0,0,0.0,0.0,1,0,0,1.0,0,OR-fEvR
organique,ADJ,-12.4152292701,0.0,0.0,0.0,0.0,0.0,0.0,0.0,0.0,0.0,0.0,1.0,1.0,0.0,2.0,0.0,0.0,0.0,1948.0,1932.0,3.0,3.0,3.0,3.0,3.0,3.0,3.0,3.0,3.0,3.0,3.0,3.0,3.0,3.0,3.0,3.0,3.0,3.0,3.0,3.0,43.0,35.0,3.0,76.0,77.0,0.0,0.0,1.0,1.0,0.0,0.0,0.0,0.0,1948.0,1932.0,2.0,2.0,0.0,0.0,9.0,7.0,3.0,0.0,0.3333333333333333,0.6666666666666666,1.0,0,0.0,0.0,1,1,0,2.0,0,OR-ga-nik
orge,NOM,-13.0335171076,0.0,0.0,0.0,0.0,0.0,0.0,0.0,0.0,0.0,0.0,0.0,0.0,0.0,0.0,0.0,0.0,0.0,21385.0,19845.0,2.0,2.0,2.0,3.0,2.0,2.0,2.0,2.0,3.0,2.0,2.0,2.0,3.0,3.0,2.0,3.0,0.0,1.0,1.0,2.0,3.0,3.0,1.0,3.0,3.0,0.0,0.0,1.0,1.0,0.0,0.0,0.0,0.0,21385.0,19845.0,2.0,2.0,0.0,1.0,4.0,3.0,1.0,0.0,1.0,0.0,1.0,7.0,1.185598566599037e-05,1.0,1,1,0,1.0,1,ORZ
ouvrer,VER,-17.4439624373,0.0,0.0,0.0,0.0,0.0,0.0,0.0,0.0,0.0,0.0,0.0,0.0,1.0,1.0,0.0,0.0,0.0,5325.0,12355.0,3.0,3.0,3.0,3.0,0.0,3.0,3.0,3.0,3.0,2.0,3.0,3.0,3.0,3.0,2.0,3.0,3.0,3.0,3.0,3.0,18.0,18.0,6.0,10.0,8.0,0.0,0.0,1.0,1.0,0.0,0.0,0.0,0.0,5325.0,4865.0,2.0,3.0,-1.0,-1.0,6.0,4.0,2.0,0.0,0.5,0.5,1.0,4.0,9.246620593388571e-05,4.0,1,0,0,2.0,0,u-vRe
paradoxal,ADJ,-13.9689257595,0.0,0.0,0.0,0.0,0.0,0.0,0.0,1.0,1.0,0.0,0.0,0.0,0.0,0.0,0.0,184.0,164.0,1883.0,1684.0,3.0,3.0,3.0,3.0,2.0,3.0,3.0,3.0,2.0,3.0,3.0,3.0,3.0,2.0,3.0,3.0,0.0,3.0,3.0,3.0,8.0,8.0,1.0,26.0,19.0,1.0,1.0,1.0,1.0,0.0,0.0,184.0,164.0,1151.0,1684.0,4.0,3.0,-1.0,0.0,9.0,10.0,4.0,0.0,0.0,1.0,1.0,0,0.0,0.0,1,0,0,-1.0,0,pa-Ra-dOk-sal
partiellement,ADV,-13.6893882474,0.0,0.0,0.0,0.0,0.0,0.0,0.0,0.0,0.0,1.0,0.0,0.0,0.0,1.0,0.0,0.0,0.0,2592.0,2428.0,1.0,3.0,3.0,3.0,3.0,3.0,3.0,3.0,3.0,3.0,3.0,3.0,3.0,3.0,3.0,3.0,3.0,3.0,3.0,2.0,13.0,12.0,3.0,2.0,2.0,0.0,0.0,1.0,1.0,0.0,0.0,0.0,0.0,2592.0,2428.0,2.0,2.0,0.0,1.0,13.0,9.0,3.0,0.0,0.3333333333333333,0.6666666666666666,2.0,0,0.0,0.0,1,0,1,4.0,0,paR-sjEl-m@
pensivement,ADV,-18.6078333801,0.0,0.0,0.0,0.0,0.0,0.0,0.0,0.0,0.0,0.0,0.0,0.0,0.0,0.0,0.0,0.0,0.0,34.0,0.0,3.0,3.0,3.0,3.0,3.0,0.0,3.0,3.0,3.0,3.0,0.0,3.0,3.0,3.0,3.0,0.0,3.0,3.0,3.0,0.0,21.0,24.0,4.0,6.0,1.0,0.0,0.0,1.0,0.0,0.0,0.0,0.0,0.0,34.0,0.0,2.0,1.0,0.0,0.0,11.0,7.0,3.0,0.0,0.0,1.0,2.0,0,0.0,0.0,1,0,0,4.0,0,p@-siv-m@
pesticide,NOM,-13.6142413234,0.0,0.0,0.0,0.0,0.0,0.0,0.0,0.0,0.0,0.0,0.0,0.0,0.0,0.0,0.0,0.0,0.0,0.0,0.0,0.0,3.0,3.0,2.0,2.0,2.0,3.0,3.0,2.0,1.0,1.0,3.0,3.0,2.0,1.0,2.0,0.0,3.0,3.0,0.0,6.0,6.0,1.0,1.0,1.0,0.0,0.0,0.0,0.0,0.0,0.0,0.0,0.0,0.0,0.0,1.0,1.0,0.0,1.0,9.0,8.0,3.0,0.0,0.0,1.0,1.0,0,0.0,0.0,1,0,0,1.0,0,pEs-ti-sid
phytocénose,NOM,-19.6046453987,0.0,0.0,0.0,0.0,0.0,0.0,0.0,0.0,0.0,0.0,0.0,0.0,0.0,0.0,0.0,23.0,0.0,364.0,0.0,3.0,0.0,0.0,0.0,1.0,0.0,0.0,0.0,0.0,2.0,0.0,0.0,0.0,0.0,2.0,0.0,0.0,0.0,0.0,0.0,1.0,1.0,1.0,8.0,1.0,1.0,0.0,1.0,0.0,0.0,0.0,23.0,0.0,364.0,0.0,3.0,1.0,-1.0,-1.0,11.0,9.0,4.0,0.0,0.0,1.0,1.0,0.0,0.0,0.0,1,0,1,2.0,0,fi-tO-se-noz
pinéal,ADJ,-15.2034398151,0.0,0.0,0.0,0.0,0.0,0.0,0.0,0.0,0.0,0.0,0.0,1.0,0.0,1.0,0.0,0.0,0.0,0.0,0.0,0.0,0.0,0.0,0.0,0.0,0.0,0.0,0.0,0.0,0.0,0.0,0.0,0.0,0.0,0.0,0.0,0.0,1.0,1.0,0.0,3.0,3.0,1.0,1.0,1.0,0.0,0.0,0.0,0.0,0.0,0.0,0.0,0.0,0.0,0.0,1.0,1.0,-1.0,-1.0,6.0,6.0,3.0,0.0,0.3333333333333333,0.6666666666666666,0.0,0,0.0,0.0,0,0,0,0.0,0,pi-ne-al
pionnier,NOM,-12.2873357785,0.0,0.0,0.0,0.0,0.0,0.0,0.0,0.0,0.0,1.0,0.0,1.0,0.0,2.0,0.0,0.0,0.0,877.0,910.0,3.0,3.0,3.0,3.0,2.0,2.0,3.0,3.0,3.0,3.0,3.0,3.0,3.0,3.0,3.0,3.0,0.0,3.0,3.0,3.0,9.0,9.0,1.0,7.0,7.0,0.0,0.0,1.0,1.0,0.0,0.0,0.0,0.0,877.0,910.0,2.0,2.0,0.0,0.0,8.0,6.0,2.0,0.0,0.0,1.0,1.0,0,0.0,0.0,1,0,0,2.0,1,pjo-nje
piquant,NOM,-13.5613684171,0.0,0.0,0.0,0.0,0.0,0.0,0.0,0.0,1.0,0.0,1.0,1.0,0.0,2.0,0.0,0.0,0.0,1576.0,2057.0,3.0,2.0,2.0,2.0,2.0,2.0,3.0,3.0,3.0,3.0,3.0,3.0,3.0,3.0,3.0,3.0,3.0,3.0,3.0,3.0,25.0,25.0,5.0,24.0,23.0,0.0,0.0,1.0,1.0,0.0,0.0,0.0,0.0,1576.0,2057.0,2.0,2.0,1.0,2.0,7.0,4.0,2.0,0.0,0.0,1.0,2.0,3.0,7.2122864861862345e-06,0.0,0,1,0,3.0,1,pi-k@
plate-forme,NOM,-12.5972863497,0.0,0.0,0.0,0.0,1.0,1.0,1.0,1.0,1.0,0.0,0.0,0.0,0.0,0.0,0.0,0.0,0.0,0.0,0.0,0.0,3.0,3.0,3.0,3.0,3.0,3.0,3.0,3.0,3.0,3.0,3.0,3.0,3.0,3.0,3.0,0.0,0.0,0.0,0.0,1.0,1.0,1.0,1.0,1.0,0.0,0.0,0.0,0.0,0.0,0.0,0.0,0.0,0.0,0.0,1.0,1.0,0.0,1.0,10.0,8.0,2.0,0.0,1.0,0.0,1.0,0.0,0.0,0.0,1,0,0,2.0,1,plat-fORm
plumage,NOM,-14.6174244121,0.0,0.0,0.0,0.0,0.0,0.0,0.0,0.0,0.0,0.0,0.0,0.0,0.0,0.0,0.0,0.0,0.0,1528.0,1505.0,3.0,3.0,3.0,3.0,2.0,2.0,3.0,3.0,3.0,3.0,3.0,3.0,3.0,3.0,3.0,3.0,3.0,3.0,3.0,3.0,20.0,20.0,3.0,28.0,27.0,0.0,0.0,1.0,1.0,0.0,0.0,0.0,0.0,1528.0,1505.0,2.0,2.0,0.0,2.0,7.0,6.0,2.0,0.0,0.5,0.5,1.0,0,0.0,0.0,1,1,0,1.0,1,ply-maZ
positionner,VER,-13.6142413234,0.0,0.0,0.0,0.0,0.0,0.0,0.0,0.0,0.0,1.0,0.0,1.0,0.0,2.0,0.0,0.0,0.0,2414.0,2745.0,3.0,3.0,3.0,3.0,2.0,2.0,3.0,3.0,3.0,3.0,3.0,3.0,3.0,3.0,3.0,3.0,3.0,3.0,3.0,3.0,39.0,38.0,3.0,12.0,8.0,0.0,0.0,1.0,1.0,0.0,0.0,0.0,0.0,2414.0,2745.0,2.0,2.0,-1.0,0.0,11.0,9.0,4.0,0.0,0.0,1.0,1.0,1.0,5.787672751616723e-07,1.0,1,0,0,2.0,0,po-zi-sjo-ne
potager,NOM,-12.9233534669,0.0,0.0,0.0,0.0,0.0,0.0,0.0,0.0,1.0,0.0,0.0,0.0,0.0,0.0,0.0,0.0,0.0,0.0,0.0,0.0,3.0,2.0,3.0,3.0,3.0,3.0,3.0,2.0,2.0,2.0,3.0,3.0,2.0,2.0,2.0,0.0,3.0,3.0,0.0,8.0,9.0,1.0,1.0,1.0,0.0,0.0,0.0,0.0,0.0,0.0,0.0,0.0,0.0,0.0,1.0,1.0,0.0,1.0,7.0,6.0,3.0,0.0,0.0,1.0,1.0,1.0,3.132652453307206e-07,0.0,1,1,0,1.0,1,po-ta-Ze
principalement,ADV,-12.4345144765,0.0,0.0,1.0,1.0,1.0,1.0,1.0,1.0,1.0,0.0,0.0,1.0,0.0,1.0,0.0,6.0,0.0,8376.0,11136.0,3.0,3.0,3.0,3.0,3.0,3.0,3.0,3.0,3.0,3.0,3.0,3.0,3.0,3.0,3.0,3.0,2.0,3.0,3.0,0.0,9.0,9.0,2.0,6.0,1.0,1.0,0.0,1.0,1.0,0.0,0.0,6.0,0.0,1151.0,2428.0,5.0,3.0,0.0,1.0,14.0,10.0,4.0,0.0,0.25,0.75,2.0,0,0.0,0.0,1,0,0,4.0,1,pR5-si-pal-m@
protecteur,ADJ,-12.3340292972,0.0,0.0,0.0,0.0,0.0,0.0,0.0,0.0,0.0,0.0,0.0,0.0,1.0,1.0,0.0,464.0,420.0,11562.0,10620.0,3.0,3.0,3.0,3.0,3.0,3.0,3.0,3.0,3.0,3.0,3.0,3.0,3.0,3.0,3.0,3.0,0.0,3.0,3.0,3.0,14.0,12.0,1.0,8.0,7.0,1.0,1.0,1.0,1.0,0.0,0.0,464.0,420.0,1739.0,1395.0,5.0,5.0,1.0,1.0,10.0,9.0,3.0,0.0,0.3333333333333333,0.6666666666666666,1.0,2.0,4.551160927920055e-06,0.0,1,0,0,1.0,1,pRo-tEk-t9R
précepteur,NOM,-13.9434531686,0.0,0.0,0.0,0.0,0.0,0.0,0.0,0.0,0.0,0.0,0.0,0.0,1.0,1.0,0.0,194.0,147.0,11562.0,10620.0,3.0,2.0,2.0,3.0,3.0,3.0,2.0,2.0,3.0,3.0,3.0,2.0,2.0,3.0,3.0,3.0,0.0,1.0,1.0,3.0,3.0,3.0,1.0,20.0,18.0,1.0,1.0,1.0,1.0,0.0,0.0,194.0,147.0,1739.0,1395.0,4.0,4.0,-1.0,-1.0,10.0,9.0,3.0,0.0,0.3333333333333333,0.6666666666666666,1.0,0,0.0,0.0,1,0,0,1.0,0,pRe-sEp-t9R
prédateur,NOM,-12.8490802391,0.0,0.0,0.0,0.0,0.0,0.0,0.0,0.0,0.0,0.0,0.0,0.0,1.0,1.0,0.0,587.0,527.0,11562.0,10620.0,3.0,3.0,3.0,2.0,3.0,3.0,3.0,3.0,3.0,3.0,3.0,3.0,3.0,3.0,3.0,3.0,3.0,3.0,3.0,3.0,9.0,9.0,4.0,33.0,29.0,1.0,1.0,1.0,1.0,0.0,0.0,587.0,527.0,1739.0,1395.0,4.0,4.0,0.0,1.0,9.0,8.0,3.0,0.0,0.3333333333333333,0.6666666666666666,1.0,0,0.0,0.0,1,0,0,1.0,0,pRe-da-t9R
préhistoire,NOM,-14.0355974506,0.0,0.0,0.0,0.0,0.0,0.0,0.0,0.0,0.0,0.0,0.0,0.0,0.0,0.0,0.0,587.0,527.0,375.0,274.0,3.0,3.0,3.0,3.0,3.0,3.0,3.0,3.0,3.0,3.0,3.0,3.0,3.0,3.0,3.0,3.0,3.0,3.0,3.0,3.0,24.0,24.0,6.0,71.0,19.0,1.0,1.0,1.0,1.0,0.0,0.0,587.0,527.0,375.0,274.0,4.0,3.0,0.0,1.0,11.0,9.0,3.0,0.0,1.0,0.0,1.0,0,0.0,0.0,1,0,0,2.0,1,pRe-is-twaR
prénommer,VER,-13.9064204233,0.0,0.0,0.0,0.0,0.0,0.0,0.0,0.0,0.0,1.0,0.0,0.0,0.0,1.0,0.0,587.0,527.0,2414.0,2745.0,3.0,3.0,3.0,3.0,3.0,3.0,3.0,3.0,3.0,3.0,3.0,3.0,3.0,3.0,3.0,3.0,3.0,3.0,3.0,3.0,12.0,12.0,5.0,20.0,20.0,1.0,1.0,1.0,1.0,0.0,0.0,587.0,527.0,2414.0,2745.0,3.0,3.0,0.0,0.0,9.0,7.0,3.0,0.0,0.3333333333333333,0.6666666666666666,1.0,0,0.0,0.0,1,0,0,2.0,0,pRe-no-me
prétendant,NOM,-12.5650759448,0.0,0.0,0.0,0.0,0.0,0.0,0.0,0.0,0.0,0.0,0.0,1.0,0.0,1.0,0.0,587.0,527.0,1576.0,2057.0,3.0,3.0,3.0,3.0,2.0,3.0,3.0,3.0,3.0,3.0,3.0,3.0,3.0,3.0,3.0,3.0,0.0,0.0,0.0,3.0,2.0,2.0,1.0,29.0,27.0,1.0,1.0,1.0,1.0,0.0,0.0,587.0,527.0,1576.0,2057.0,3.0,3.0,0.0,3.0,10.0,7.0,3.0,0.0,0.3333333333333333,0.6666666666666666,2.0,2.0,2.305710036077992e-05,2.0,1,0,0,3.0,0,pRe-t@-d@
puiser,VER,-12.6271903099,0.0,0.0,0.0,0.0,0.0,0.0,0.0,0.0,1.0,0.0,0.0,0.0,0.0,0.0,0.0,0.0,0.0,2414.0,2745.0,3.0,3.0,3.0,2.0,3.0,3.0,3.0,3.0,2.0,3.0,3.0,3.0,3.0,2.0,3.0,3.0,3.0,3.0,3.0,3.0,10.0,10.0,3.0,18.0,8.0,0.0,0.0,1.0,1.0,0.0,0.0,0.0,0.0,2414.0,2745.0,2.0,2.0,0.0,0.0,6.0,5.0,2.0,0.0,0.0,1.0,1.0,3.0,9.046596995150523e-07,0.0,1,0,0,1.0,0,p8i-ze
pâturage,NOM,-13.0335171076,0.0,0.0,0.0,0.0,0.0,0.0,0.0,0.0,0.0,0.0,0.0,0.0,0.0,0.0,0.0,0.0,0.0,1528.0,1505.0,3.0,2.0,2.0,2.0,2.0,2.0,3.0,3.0,3.0,3.0,3.0,2.0,2.0,3.0,2.0,2.0,2.0,3.0,3.0,3.0,10.0,10.0,2.0,10.0,10.0,0.0,0.0,1.0,1.0,0.0,0.0,0.0,0.0,1528.0,1505.0,2.0,2.0,0.0,2.0,8.0,7.0,3.0,0.0,0.0,1.0,1.0,0,0.0,0.0,1,1,0,1.0,1,pa-ty-RaZ
pékan,NOM,-17.036343918,0.0,0.0,0.0,0.0,0.0,0.0,0.0,0.0,0.0,0.0,0.0,1.0,0.0,1.0,0.0,0.0,0.0,0.0,0.0,0.0,0.0,0.0,0.0,0.0,0.0,0.0,0.0,0.0,0.0,0.0,0.0,0.0,0.0,0.0,0.0,0.0,0.0,0.0,0.0,1.0,1.0,1.0,1.0,1.0,0.0,0.0,0.0,0.0,0.0,0.0,0.0,0.0,0.0,0.0,1.0,1.0,-1.0,-1.0,5.0,4.0,2.0,0.0,0.0,1.0,1.0,0.0,0.0,0.0,0,0,0,1.0,0,pe-k@
raffut,NOM,-13.2726168984,0.0,0.0,0.0,0.0,0.0,0.0,0.0,0.0,0.0,1.0,0.0,0.0,0.0,1.0,0.0,0.0,0.0,0.0,0.0,0.0,0.0,0.0,0.0,0.0,0.0,0.0,0.0,0.0,0.0,0.0,0.0,0.0,0.0,0.0,0.0,0.0,0.0,0.0,0.0,1.0,1.0,1.0,1.0,1.0,0.0,0.0,0.0,0.0,0.0,0.0,0.0,0.0,0.0,0.0,1.0,1.0,0.0,1.0,6.0,4.0,2.0,0.0,0.0,1.0,1.0,0,0.0,0.0,0,0,1,2.0,0,Ra-fy
recenser,VER,-13.4633338474,0.0,0.0,0.0,0.0,0.0,0.0,0.0,0.0,0.0,0.0,0.0,0.0,0.0,0.0,0.0,1047.0,991.0,5325.0,12355.0,3.0,3.0,3.0,3.0,3.0,3.0,3.0,3.0,3.0,3.0,3.0,3.0,3.0,3.0,3.0,3.0,3.0,2.0,2.0,3.0,5.0,5.0,3.0,15.0,9.0,1.0,1.0,1.0,1.0,0.0,0.0,1047.0,991.0,5325.0,4865.0,4.0,4.0,0.0,0.0,8.0,6.0,3.0,0.0,0.0,1.0,1.0,2.0,3.0108639495625428e-06,1.0,1,0,0,2.0,0,R°-s@-se
recharger,VER,-12.3116393421,0.0,0.0,0.0,0.0,0.0,1.0,1.0,1.0,1.0,0.0,1.0,0.0,0.0,1.0,0.0,1047.0,991.0,13355.0,12355.0,3.0,2.0,2.0,2.0,3.0,3.0,3.0,3.0,3.0,3.0,3.0,2.0,2.0,2.0,3.0,3.0,3.0,2.0,2.0,3.0,4.0,4.0,3.0,29.0,26.0,1.0,1.0,1.0,1.0,0.0,0.0,1047.0,991.0,5325.0,4865.0,4.0,4.0,0.0,0.0,9.0,7.0,3.0,0.0,0.0,1.0,1.0,3.0,2.920298016160694e-07,0.0,1,1,0,2.0,1,R°-SaR-Ze
reconstitution,NOM,-12.9143236674,0.0,0.0,0.0,0.0,0.0,0.0,0.0,0.0,0.0,0.0,0.0,1.0,0.0,1.0,0.0,1047.0,991.0,1432.0,1065.0,2.0,3.0,3.0,3.0,3.0,3.0,3.0,3.0,3.0,3.0,3.0,3.0,3.0,3.0,3.0,3.0,3.0,2.0,2.0,3.0,4.0,4.0,3.0,4.0,4.0,1.0,1.0,1.0,1.0,0.0,0.0,1047.0,991.0,1432.0,1065.0,4.0,3.0,0.0,4.0,14.0,12.0,5.0,0.0,0.0,1.0,1.0,0,0.0,0.0,1,0,0,2.0,1,R°-k§s-ti-ty-sj§
recycler,VER,-13.1459387214,0.0,0.0,0.0,0.0,0.0,0.0,0.0,0.0,0.0,0.0,0.0,0.0,0.0,0.0,0.0,1047.0,991.0,13355.0,12355.0,3.0,3.0,3.0,3.0,3.0,3.0,3.0,3.0,3.0,3.0,3.0,3.0,3.0,3.0,3.0,3.0,2.0,2.0,2.0,3.0,4.0,4.0,2.0,44.0,48.0,1.0,1.0,1.0,1.0,0.0,0.0,1047.0,991.0,5325.0,4865.0,4.0,4.0,0.0,0.0,8.0,7.0,3.0,0.0,0.3333333333333333,0.6666666666666666,1.0,1.0,3.814406001213689e-08,0.0,1,0,0,1.0,0,R°-si-kle
repoussant,ADJ,-12.8877133868,0.0,0.0,0.0,0.0,0.0,0.0,0.0,0.0,0.0,1.0,0.0,1.0,1.0,3.0,0.0,1047.0,991.0,1489.0,2057.0,3.0,3.0,3.0,3.0,3.0,3.0,3.0,3.0,3.0,3.0,3.0,3.0,3.0,3.0,3.0,3.0,3.0,3.0,3.0,3.0,9.0,9.0,8.0,28.0,25.0,1.0,1.0,1.0,1.0,0.0,0.0,1047.0,991.0,363.0,2057.0,4.0,3.0,0.0,0.0,10.0,6.0,3.0,0.0,0.0,1.0,2.0,2.0,6.981675778646952e-06,0.0,1,1,0,4.0,0,R°-pu-s@
restituer,VER,-12.8241297828,0.0,0.0,0.0,0.0,0.0,0.0,0.0,0.0,0.0,0.0,0.0,0.0,0.0,0.0,0.0,0.0,0.0,2414.0,2745.0,0.0,3.0,3.0,3.0,3.0,3.0,3.0,3.0,3.0,3.0,3.0,3.0,3.0,3.0,3.0,3.0,2.0,3.0,3.0,2.0,6.0,6.0,2.0,1.0,2.0,0.0,0.0,1.0,1.0,0.0,0.0,0.0,0.0,2414.0,2745.0,2.0,2.0,0.0,1.0,9.0,8.0,3.0,0.0,0.0,1.0,1.0,1.0,1.7408596394001047e-07,0.0,1,0,0,1.0,0,REs-ti-t8e
retrousser,VER,-13.8028985151,0.0,0.0,0.0,0.0,0.0,1.0,1.0,1.0,1.0,1.0,0.0,0.0,1.0,2.0,0.0,1047.0,991.0,13355.0,12355.0,3.0,0.0,0.0,0.0,0.0,0.0,1.0,1.0,2.0,2.0,2.0,1.0,1.0,1.0,1.0,2.0,3.0,3.0,3.0,3.0,7.0,7.0,7.0,25.0,24.0,1.0,1.0,1.0,1.0,0.0,0.0,1047.0,991.0,5325.0,4865.0,4.0,4.0,0.0,0.0,10.0,7.0,3.0,0.0,0.3333333333333333,0.6666666666666666,2.0,2.0,1.7891436715511341e-06,1.0,1,1,0,3.0,1,R°-tRu-se
rez-de-chaussée,NOM,-12.8660665525,0.0,0.0,0.0,0.0,0.0,1.0,1.0,1.0,1.0,1.0,1.0,0.0,1.0,3.0,0.0,0.0,0.0,0.0,0.0,0.0,3.0,3.0,3.0,3.0,3.0,3.0,3.0,3.0,3.0,3.0,3.0,3.0,3.0,3.0,3.0,0.0,0.0,0.0,0.0,1.0,1.0,1.0,1.0,1.0,0.0,0.0,0.0,0.0,0.0,0.0,0.0,0.0,0.0,0.0,1.0,1.0,0.0,2.0,13.0,7.0,3.0,0.0,0.0,1.0,2.0,0.0,0.0,0.0,1,1,0,6.0,1,Red-So-se
roche-mère,NOM,-19.6046453987,0.0,0.0,0.0,0.0,0.0,0.0,0.0,0.0,0.0,0.0,1.0,0.0,0.0,1.0,0.0,0.0,0.0,0.0,0.0,0.0,0.0,0.0,0.0,0.0,0.0,0.0,0.0,0.0,0.0,0.0,0.0,0.0,0.0,0.0,0.0,0.0,0.0,0.0,0.0,1.0,1.0,1.0,1.0,1.0,0.0,0.0,0.0,0.0,0.0,0.0,0.0,0.0,0.0,0.0,1.0,1.0,-1.0,-1.0,9.0,6.0,2.0,0.0,0.0,1.0,2.0,0.0,0.0,0.0,1,0,0,3.0,0,ROS-mER
rongeur,NOM,-13.359921501,0.0,0.0,0.0,0.0,0.0,0.0,0.0,0.0,0.0,0.0,0.0,1.0,1.0,2.0,0.0,0.0,0.0,11562.0,10620.0,3.0,2.0,2.0,2.0,2.0,2.0,2.0,2.0,2.0,2.0,3.0,2.0,2.0,2.0,2.0,2.0,0.0,3.0,3.0,3.0,8.0,8.0,1.0,8.0,8.0,0.0,0.0,1.0,1.0,0.0,0.0,0.0,0.0,1739.0,1395.0,3.0,3.0,1.0,1.0,7.0,5.0,2.0,0.0,0.0,1.0,1.0,3.0,1.0402436333481419e-05,3.0,1,1,0,2.0,1,R§-Z9R
rougeâtre,ADJ,-15.5113439011,0.0,0.0,0.0,0.0,0.0,0.0,0.0,0.0,0.0,0.0,0.0,0.0,1.0,1.0,0.0,0.0,0.0,0.0,0.0,0.0,3.0,3.0,3.0,3.0,3.0,2.0,2.0,3.0,2.0,2.0,2.0,2.0,3.0,2.0,2.0,0.0,0.0,0.0,0.0,1.0,1.0,1.0,1.0,1.0,0.0,0.0,0.0,0.0,0.0,0.0,0.0,0.0,0.0,0.0,1.0,1.0,0.0,0.0,9.0,6.0,2.0,0.0,0.5,0.5,2.0,0,0.0,0.0,1,1,0,3.0,0,Ru-ZatR
réguler,VER,-14.2164630571,0.0,0.0,0.0,0.0,0.0,0.0,0.0,0.0,0.0,0.0,0.0,0.0,0.0,0.0,0.0,860.0,820.0,13355.0,12355.0,3.0,3.0,3.0,2.0,3.0,3.0,3.0,3.0,3.0,3.0,3.0,3.0,3.0,3.0,3.0,3.0,3.0,3.0,3.0,3.0,17.0,15.0,3.0,17.0,24.0,1.0,1.0,1.0,1.0,0.0,0.0,860.0,820.0,5325.0,4865.0,4.0,4.0,0.0,0.0,7.0,6.0,3.0,0.0,0.0,1.0,1.0,2.0,2.140468503936219e-06,1.0,1,0,0,1.0,0,Re-gy-le
répartir,VER,-12.661500603,0.0,0.0,0.0,0.0,0.0,0.0,0.0,0.0,0.0,0.0,0.0,0.0,0.0,0.0,0.0,860.0,820.0,5325.0,4865.0,3.0,3.0,3.0,3.0,2.0,3.0,3.0,3.0,3.0,3.0,3.0,3.0,3.0,3.0,3.0,3.0,3.0,3.0,3.0,3.0,8.0,8.0,5.0,34.0,54.0,1.0,1.0,1.0,1.0,0.0,0.0,860.0,820.0,5325.0,4865.0,3.0,3.0,0.0,1.0,8.0,8.0,3.0,0.0,0.0,1.0,0.0,5.0,3.8262712524176075e-05,4.0,0,0,0,0.0,0,Re-paR-tiR
résulter,VER,-12.7682244213,0.0,0.0,0.0,0.0,0.0,0.0,0.0,0.0,0.0,0.0,0.0,0.0,0.0,0.0,0.0,0.0,0.0,2414.0,2745.0,1.0,3.0,3.0,3.0,2.0,3.0,3.0,3.0,3.0,2.0,3.0,3.0,3.0,3.0,2.0,3.0,2.0,2.0,2.0,3.0,5.0,5.0,2.0,2.0,4.0,0.0,0.0,1.0,1.0,0.0,0.0,0.0,0.0,2414.0,2745.0,2.0,2.0,0.0,0.0,8.0,7.0,3.0,0.0,0.0,1.0,1.0,0,0.0,0.0,1,0,0,1.0,0,Re-zyl-te
samouraï,NOM,-13.2102901643,0.0,0.0,0.0,0.0,0.0,0.0,0.0,0.0,0.0,0.0,0.0,0.0,1.0,1.0,0.0,0.0,0.0,0.0,0.0,0.0,3.0,3.0,3.0,3.0,3.0,2.0,2.0,3.0,2.0,2.0,2.0,2.0,3.0,2.0,2.0,0.0,0.0,0.0,0.0,1.0,1.0,1.0,1.0,1.0,0.0,0.0,0.0,0.0,0.0,0.0,0.0,0.0,0.0,0.0,1.0,1.0,-1.0,-1.0,8.0,7.0,3.0,0.0,0.3333333333333333,0.6666666666666666,1.0,0,0.0,0.0,1,0,0,1.0,0,sa-mu-Raj
samouraïs,NOM,-19.6046453987,0.0,0.0,0.0,0.0,0.0,0.0,0.0,0.0,0.0,0.0,0.0,0.0,1.0,1.0,0.0,nan,nan,nan,nan,nan,nan,nan,nan,nan,nan,nan,nan,nan,nan,nan,nan,nan,nan,nan,nan,nan,nan,nan,nan,nan,nan,nan,nan,nan,nan,nan,nan,nan,nan,nan,nan,nan,nan,nan,nan,nan,-1.0,-1.0,9.0,7.0,4.0,0.0,0.0,1.0,1.0,0,0.0,0.0,1,0,0,2.0,0,sa-mu-Ra-i
secousse,NOM,-12.7643482669,0.0,0.0,0.0,0.0,0.0,1.0,1.0,1.0,1.0,1.0,0.0,0.0,1.0,2.0,0.0,0.0,0.0,0.0,0.0,0.0,2.0,2.0,2.0,2.0,2.0,2.0,2.0,2.0,2.0,2.0,2.0,2.0,2.0,2.0,2.0,0.0,0.0,0.0,0.0,1.0,1.0,1.0,1.0,1.0,0.0,0.0,0.0,0.0,0.0,0.0,0.0,0.0,0.0,0.0,1.0,1.0,0.0,0.0,8.0,5.0,2.0,0.0,0.0,1.0,2.0,0,0.0,0.0,1,1,0,3.0,1,s°-kus
sen,NOM,-14.458193063,0.0,0.0,0.0,0.0,0.0,0.0,0.0,0.0,0.0,0.0,0.0,0.0,0.0,0.0,0.0,0.0,0.0,0.0,0.0,0.0,2.0,2.0,1.0,2.0,2.0,1.0,1.0,2.0,1.0,1.0,1.0,1.0,2.0,1.0,1.0,2.0,0.0,0.0,0.0,1.0,1.0,2.0,1.0,1.0,0.0,0.0,0.0,0.0,0.0,0.0,0.0,0.0,0.0,0.0,1.0,1.0,-1.0,-1.0,3.0,3.0,1.0,0.0,0.0,1.0,0.0,8.0,0.007994511135308123,8.0,1,0,0,0.0,0,sEn
shogun,NOM,-14.8682392283,0.0,0.0,0.0,0.0,0.0,0.0,0.0,0.0,0.0,0.0,1.0,1.0,0.0,2.0,0.0,0.0,0.0,0.0,0.0,0.0,2.0,2.0,3.0,3.0,3.0,2.0,2.0,2.0,2.0,2.0,2.0,2.0,2.0,2.0,2.0,0.0,1.0,1.0,0.0,3.0,3.0,1.0,1.0,1.0,0.0,0.0,0.0,0.0,0.0,0.0,0.0,0.0,0.0,0.0,1.0,1.0,-1.0,-1.0,6.0,5.0,2.0,0.0,0.0,1.0,1.0,0.0,0.0,0.0,1,0,0,1.0,0,So-gun
silo,NOM,-13.5111505556,0.0,0.0,0.0,0.0,0.0,0.0,0.0,0.0,0.0,0.0,0.0,0.0,0.0,0.0,0.0,0.0,0.0,0.0,0.0,0.0,2.0,2.0,2.0,2.0,2.0,2.0,2.0,2.0,2.0,2.0,2.0,2.0,2.0,2.0,2.0,0.0,0.0,0.0,0.0,2.0,2.0,1.0,1.0,1.0,0.0,0.0,0.0,0.0,0.0,0.0,0.0,0.0,0.0,0.0,1.0,1.0,-1.0,-1.0,4.0,4.0,2.0,0.0,0.0,1.0,0.0,4.0,8.537703820231728e-06,2.0,1,0,0,0.0,0,si-lo
simultané,ADJ,-14.302670482,0.0,0.0,0.0,0.0,0.0,0.0,0.0,0.0,0.0,0.0,0.0,1.0,0.0,1.0,0.0,0.0,0.0,0.0,0.0,3.0,3.0,3.0,3.0,3.0,3.0,3.0,3.0,3.0,3.0,3.0,3.0,3.0,3.0,3.0,3.0,2.0,2.0,2.0,3.0,5.0,5.0,2.0,5.0,5.0,0.0,0.0,0.0,0.0,0.0,0.0,0.0,0.0,0.0,0.0,1.0,1.0,0.0,1.0,9.0,9.0,4.0,0.0,0.0,1.0,0.0,0,0.0,0.0,1,0,0,0.0,0,si-myl-ta-ne
solidement,ADV,-13.9309560009,0.0,0.0,0.0,0.0,0.0,1.0,1.0,1.0,1.0,0.0,0.0,0.0,0.0,0.0,0.0,0.0,0.0,11988.0,11136.0,3.0,3.0,3.0,3.0,3.0,3.0,3.0,3.0,3.0,3.0,3.0,3.0,3.0,3.0,3.0,3.0,3.0,3.0,3.0,3.0,18.0,18.0,3.0,24.0,18.0,0.0,0.0,1.0,1.0,0.0,0.0,0.0,0.0,2592.0,2428.0,3.0,3.0,0.0,0.0,10.0,7.0,3.0,0.0,0.0,1.0,2.0,0,0.0,0.0,1,0,0,3.0,1,so-lid-m@
sommer,VER,-12.5619112382,0.0,0.0,0.0,0.0,0.0,0.0,0.0,0.0,0.0,1.0,0.0,0.0,0.0,1.0,0.0,0.0,0.0,2971.0,2717.0,3.0,3.0,3.0,2.0,2.0,2.0,3.0,3.0,2.0,3.0,3.0,3.0,3.0,2.0,3.0,3.0,3.0,3.0,3.0,3.0,16.0,15.0,3.0,71.0,48.0,0.0,0.0,1.0,1.0,0.0,0.0,0.0,0.0,618.0,570.0,3.0,3.0,1.0,0.0,6.0,4.0,2.0,0.0,0.0,1.0,1.0,5.0,0.00031163451077565043,4.0,1,0,0,2.0,0,so-me
sourcier,NOM,-14.6423877078,0.0,0.0,0.0,0.0,0.0,0.0,0.0,0.0,0.0,0.0,0.0,0.0,1.0,1.0,0.0,0.0,0.0,877.0,910.0,3.0,3.0,3.0,0.0,3.0,3.0,3.0,3.0,0.0,3.0,3.0,3.0,3.0,0.0,3.0,3.0,0.0,3.0,3.0,3.0,8.0,8.0,1.0,10.0,10.0,0.0,0.0,1.0,1.0,0.0,0.0,0.0,0.0,877.0,910.0,2.0,2.0,0.0,2.0,8.0,6.0,2.0,0.0,0.0,1.0,1.0,0,0.0,0.0,1,0,0,2.0,0,suR-sje
spore,NOM,-13.8138859635,0.0,0.0,0.0,0.0,0.0,0.0,0.0,0.0,0.0,0.0,0.0,0.0,0.0,0.0,0.0,0.0,0.0,21385.0,19845.0,3.0,3.0,3.0,1.0,3.0,0.0,3.0,3.0,2.0,3.0,2.0,3.0,3.0,2.0,3.0,2.0,3.0,3.0,3.0,3.0,20.0,12.0,3.0,25.0,24.0,0.0,0.0,1.0,1.0,0.0,0.0,0.0,0.0,21385.0,19845.0,2.0,2.0,-1.0,-1.0,5.0,4.0,1.0,0.0,1.0,0.0,1.0,4.0,3.45202683902103e-05,4.0,1,0,0,1.0,0,spOR
spéléologue,NOM,-15.0036321007,0.0,0.0,0.0,0.0,0.0,0.0,0.0,0.0,0.0,0.0,0.0,0.0,0.0,0.0,0.0,0.0,0.0,0.0,0.0,0.0,2.0,2.0,2.0,2.0,2.0,2.0,2.0,2.0,1.0,1.0,2.0,2.0,2.0,1.0,2.0,0.0,2.0,2.0,0.0,5.0,5.0,1.0,1.0,1.0,0.0,0.0,0.0,0.0,0.0,0.0,0.0,0.0,0.0,0.0,1.0,1.0,0.0,1.0,11.0,9.0,4.0,0.0,0.25,0.75,1.0,1.0,1.7408596394001047e-07,1.0,1,0,0,2.0,1,spe-le-o-lOg
stockage,NOM,-13.4326805626,0.0,0.0,0.0,0.0,0.0,0.0,0.0,0.0,0.0,0.0,1.0,0.0,0.0,1.0,0.0,0.0,0.0,1528.0,1505.0,3.0,3.0,3.0,3.0,3.0,3.0,3.0,3.0,3.0,3.0,3.0,3.0,3.0,3.0,3.0,3.0,2.0,3.0,3.0,3.0,6.0,6.0,2.0,6.0,6.0,0.0,0.0,1.0,1.0,0.0,0.0,0.0,0.0,1528.0,1505.0,2.0,2.0,0.0,2.0,8.0,6.0,2.0,0.0,0.5,0.5,1.0,0,0.0,0.0,1,1,0,2.0,0,sto-kaZ
stocker,VER,-12.4513459256,0.0,0.0,0.0,0.0,0.0,0.0,0.0,0.0,0.0,0.0,1.0,0.0,0.0,1.0,0.0,0.0,0.0,2414.0,2745.0,3.0,3.0,3.0,3.0,3.0,3.0,3.0,3.0,3.0,3.0,3.0,3.0,3.0,3.0,3.0,3.0,2.0,3.0,3.0,3.0,6.0,6.0,2.0,6.0,6.0,0.0,0.0,1.0,1.0,0.0,0.0,0.0,0.0,2414.0,2745.0,2.0,2.0,0.0,0.0,7.0,5.0,2.0,0.0,0.5,0.5,1.0,1.0,3.132652453307206e-07,1.0,1,0,0,2.0,0,sto-ke
stupéfaire,VER,-19.6046453987,0.0,0.0,0.0,0.0,0.0,0.0,0.0,0.0,0.0,0.0,0.0,0.0,1.0,1.0,0.0,0.0,0.0,791.0,19845.0,2.0,2.0,2.0,0.0,2.0,1.0,2.0,2.0,0.0,2.0,2.0,2.0,2.0,0.0,2.0,2.0,0.0,0.0,0.0,2.0,2.0,2.0,1.0,4.0,3.0,0.0,0.0,1.0,1.0,0.0,0.0,0.0,0.0,791.0,19845.0,2.0,3.0,-1.0,0.0,10.0,8.0,3.0,0.0,0.3333333333333333,0.6666666666666666,1.0,0.0,0.0,0.0,1,0,0,2.0,0,sty-pe-fER
support,NOM,-12.6373603662,0.0,0.0,0.0,0.0,0.0,0.0,0.0,0.0,0.0,1.0,0.0,0.0,0.0,1.0,0.0,0.0,0.0,0.0,0.0,3.0,3.0,3.0,3.0,3.0,3.0,3.0,3.0,3.0,3.0,3.0,3.0,3.0,3.0,3.0,3.0,3.0,3.0,3.0,0.0,9.0,7.0,3.0,7.0,1.0,0.0,0.0,0.0,0.0,0.0,0.0,0.0,0.0,0.0,0.0,1.0,1.0,0.0,1.0,7.0,5.0,2.0,0.0,0.0,1.0,1.0,0,0.0,0.0,1,0,1,2.0,0,sy-pOR
suppression,NOM,-13.9434531686,0.0,0.0,0.0,0.0,0.0,0.0,0.0,0.0,0.0,2.0,0.0,1.0,0.0,3.0,0.0,0.0,0.0,1083.0,1065.0,3.0,3.0,3.0,3.0,3.0,3.0,3.0,3.0,3.0,3.0,3.0,3.0,3.0,3.0,3.0,3.0,0.0,3.0,3.0,3.0,15.0,6.0,1.0,6.0,6.0,0.0,0.0,1.0,1.0,0.0,0.0,0.0,0.0,1083.0,1065.0,2.0,2.0,0.0,1.0,11.0,8.0,3.0,0.0,0.3333333333333333,0.6666666666666666,2.0,1.0,2.574972735124091e-07,0.0,1,1,1,3.0,0,sy-pRe-sj§
sursauter,VER,-13.2102901643,0.0,0.0,0.0,0.0,0.0,0.0,0.0,0.0,0.0,0.0,0.0,0.0,1.0,1.0,0.0,374.0,348.0,13355.0,12355.0,3.0,3.0,3.0,3.0,2.0,2.0,3.0,3.0,3.0,3.0,3.0,3.0,3.0,3.0,3.0,3.0,3.0,3.0,3.0,3.0,18.0,18.0,5.0,27.0,22.0,1.0,1.0,1.0,1.0,0.0,0.0,374.0,348.0,5325.0,4865.0,4.0,4.0,0.0,1.0,9.0,7.0,3.0,0.0,0.0,1.0,1.0,1.0,7.788861529281124e-08,0.0,1,0,0,2.0,1,syR-so-te
séché,ADJ,-19.6046453987,0.0,0.0,0.0,0.0,0.0,0.0,0.0,0.0,0.0,0.0,1.0,0.0,0.0,1.0,0.0,0.0,0.0,4358.0,4315.0,3.0,3.0,3.0,3.0,2.0,2.0,3.0,3.0,3.0,3.0,3.0,3.0,3.0,3.0,3.0,3.0,3.0,3.0,3.0,3.0,12.0,12.0,4.0,15.0,15.0,0.0,0.0,1.0,1.0,0.0,0.0,0.0,0.0,4358.0,4315.0,2.0,2.0,-1.0,-1.0,5.0,4.0,2.0,0.0,0.0,1.0,1.0,5.0,3.5489354619903915e-05,1.0,1,0,0,1.0,0,se-Se
sécréter,VER,-13.882472156,0.0,0.0,0.0,0.0,0.0,0.0,0.0,0.0,0.0,0.0,0.0,0.0,0.0,0.0,0.0,0.0,0.0,2414.0,2745.0,3.0,2.0,2.0,1.0,2.0,2.0,2.0,2.0,1.0,2.0,3.0,2.0,2.0,1.0,2.0,2.0,0.0,3.0,3.0,3.0,10.0,10.0,1.0,10.0,10.0,0.0,0.0,1.0,1.0,0.0,0.0,0.0,0.0,2414.0,2745.0,2.0,2.0,0.0,0.0,8.0,7.0,3.0,0.0,0.3333333333333333,0.6666666666666666,1.0,3.0,1.7012809154826521e-06,1.0,1,0,0,1.0,0,se-kRe-te
sédiment,NOM,-15.7096524072,0.0,0.0,0.0,0.0,0.0,0.0,0.0,0.0,0.0,0.0,0.0,0.0,0.0,0.0,0.0,0.0,0.0,0.0,0.0,0.0,2.0,2.0,2.0,2.0,2.0,3.0,3.0,2.0,2.0,2.0,2.0,2.0,2.0,2.0,2.0,0.0,3.0,3.0,0.0,11.0,11.0,1.0,1.0,1.0,0.0,0.0,0.0,0.0,0.0,0.0,0.0,0.0,0.0,0.0,1.0,1.0,-1.0,1.0,8.0,6.0,3.0,0.0,0.0,1.0,1.0,0,0.0,0.0,1,0,0,2.0,0,se-di-m@
tablette,NOM,-12.7226736219,0.0,0.0,0.0,0.0,0.0,1.0,1.0,1.0,1.0,1.0,0.0,0.0,0.0,1.0,0.0,0.0,0.0,1099.0,1063.0,1.0,3.0,3.0,3.0,2.0,2.0,3.0,3.0,3.0,2.0,2.0,3.0,3.0,3.0,2.0,2.0,0.0,3.0,3.0,2.0,17.0,17.0,1.0,2.0,2.0,0.0,0.0,1.0,1.0,0.0,0.0,0.0,0.0,1099.0,1063.0,2.0,2.0,1.0,0.0,8.0,6.0,2.0,0.0,0.5,0.5,1.0,0,0.0,0.0,1,0,0,2.0,1,ta-blEt
tige,NOM,-12.3989900323,0.0,0.0,0.0,0.0,0.0,0.0,0.0,0.0,0.0,0.0,0.0,0.0,0.0,0.0,0.0,0.0,0.0,21385.0,19845.0,3.0,3.0,3.0,3.0,2.0,3.0,3.0,3.0,3.0,3.0,3.0,3.0,3.0,3.0,3.0,3.0,2.0,3.0,3.0,3.0,6.0,6.0,2.0,13.0,6.0,0.0,0.0,1.0,1.0,0.0,0.0,0.0,0.0,21385.0,19845.0,2.0,2.0,1.0,7.0,4.0,3.0,1.0,0.0,0.0,1.0,1.0,7.0,7.798380228417642e-05,1.0,1,1,0,1.0,1,tiZ
torréfier,VER,-18.6078333801,0.0,0.0,0.0,0.0,0.0,0.0,0.0,0.0,0.0,1.0,0.0,0.0,0.0,1.0,0.0,0.0,0.0,2414.0,2745.0,2.0,0.0,0.0,0.0,0.0,0.0,0.0,0.0,0.0,0.0,0.0,0.0,0.0,0.0,0.0,0.0,3.0,1.0,1.0,2.0,3.0,3.0,3.0,3.0,3.0,0.0,0.0,1.0,1.0,0.0,0.0,0.0,0.0,2414.0,2745.0,2.0,2.0,-1.0,-1.0,9.0,7.0,3.0,0.0,0.0,1.0,1.0,0.0,0.0,0.0,1,0,0,2.0,0,tO-Re-fje
totalité,NOM,-12.5810514692,0.0,0.0,0.0,0.0,0.0,1.0,1.0,1.0,1.0,0.0,0.0,0.0,0.0,0.0,0.0,0.0,0.0,1088.0,1218.0,3.0,3.0,3.0,3.0,3.0,3.0,3.0,3.0,3.0,3.0,3.0,3.0,3.0,3.0,3.0,3.0,0.0,3.0,3.0,3.0,15.0,14.0,1.0,18.0,16.0,0.0,0.0,1.0,1.0,0.0,0.0,0.0,0.0,554.0,753.0,3.0,3.0,0.0,0.0,8.0,8.0,4.0,0.0,0.0,1.0,0.0,2.0,5.400897664203731e-06,0.0,0,0,0,0.0,0,to-ta-li-te
touffu,ADJ,-13.7090914121,0.0,0.0,0.0,0.0,0.0,0.0,0.0,0.0,0.0,1.0,0.0,0.0,1.0,2.0,0.0,0.0,0.0,0.0,0.0,0.0,2.0,2.0,2.0,2.0,2.0,2.0,2.0,2.0,1.0,1.0,2.0,2.0,2.0,1.0,2.0,0.0,3.0,3.0,0.0,6.0,6.0,1.0,1.0,1.0,0.0,0.0,0.0,0.0,0.0,0.0,0.0,0.0,0.0,0.0,1.0,1.0,0.0,0.0,6.0,4.0,2.0,0.0,0.0,1.0,1.0,1.0,5.913309995528005e-06,1.0,0,0,1,2.0,1,tu-fy
tournant,ADJ,-13.3669637996,0.0,0.0,0.0,0.0,0.0,0.0,0.0,0.0,1.0,0.0,0.0,1.0,1.0,2.0,0.0,0.0,0.0,31.0,2057.0,3.0,3.0,3.0,3.0,3.0,3.0,3.0,3.0,3.0,3.0,3.0,3.0,3.0,3.0,3.0,3.0,3.0,3.0,3.0,3.0,17.0,17.0,5.0,33.0,25.0,0.0,0.0,1.0,1.0,0.0,0.0,0.0,0.0,31.0,2057.0,2.0,2.0,0.0,1.0,8.0,5.0,2.0,0.0,0.0,1.0,2.0,2.0,5.022320015850556e-05,0.0,0,0,0,3.0,0,tuR-n@
tournante,NOM,-19.6046453987,0.0,0.0,0.0,1.0,1.0,1.0,1.0,1.0,1.0,0.0,0.0,1.0,1.0,2.0,0.0,0.0,0.0,11480.0,10951.0,3.0,3.0,3.0,3.0,3.0,3.0,3.0,3.0,3.0,3.0,3.0,3.0,3.0,3.0,3.0,3.0,0.0,3.0,3.0,3.0,17.0,17.0,1.0,21.0,25.0,0.0,0.0,1.0,1.0,0.0,0.0,0.0,0.0,1576.0,2057.0,3.0,3.0,-1.0,-1.0,9.0,6.0,2.0,0.0,0.0,1.0,2.0,1.0,3.112744806735467e-06,1.0,1,0,0,3.0,0,tuR-n@t
tourteau,NOM,-18.6078333801,0.0,0.0,0.0,0.0,0.0,0.0,0.0,0.0,0.0,0.0,0.0,0.0,2.0,2.0,0.0,0.0,0.0,0.0,0.0,0.0,0.0,0.0,1.0,1.0,1.0,2.0,2.0,1.0,1.0,1.0,1.0,1.0,1.0,1.0,1.0,0.0,3.0,3.0,0.0,7.0,7.0,1.0,1.0,1.0,0.0,0.0,0.0,0.0,0.0,0.0,0.0,0.0,0.0,0.0,1.0,1.0,1.0,3.0,8.0,5.0,2.0,0.0,0.0,1.0,2.0,0,0.0,0.0,1,0,0,3.0,0,tuR-to
toussoter,VER,-15.7096524072,0.0,0.0,0.0,0.0,0.0,0.0,0.0,0.0,0.0,1.0,0.0,0.0,1.0,2.0,0.0,0.0,0.0,13355.0,12355.0,3.0,3.0,3.0,0.0,0.0,0.0,3.0,3.0,1.0,2.0,0.0,3.0,3.0,0.0,0.0,0.0,3.0,3.0,3.0,2.0,13.0,13.0,4.0,10.0,3.0,0.0,0.0,1.0,1.0,1.0,0.0,0.0,0.0,5325.0,4865.0,4.0,3.0,0.0,0.0,9.0,6.0,3.0,0.0,0.0,1.0,2.0,0,0.0,0.0,1,1,0,3.0,1,tu-so-te
transpiration,NOM,-14.0083934114,0.0,0.0,0.0,0.0,0.0,0.0,0.0,0.0,0.0,0.0,0.0,2.0,0.0,2.0,0.0,213.0,191.0,1849.0,1464.0,3.0,1.0,1.0,2.0,3.0,3.0,2.0,2.0,2.0,3.0,3.0,2.0,2.0,2.0,3.0,3.0,0.0,2.0,2.0,3.0,5.0,5.0,1.0,21.0,21.0,1.0,1.0,1.0,1.0,0.0,0.0,213.0,191.0,1083.0,1464.0,5.0,3.0,0.0,3.0,13.0,11.0,4.0,0.0,0.25,0.75,1.0,0,0.0,0.0,1,0,0,2.0,1,tR@s-pi-Ra-sj§
tropique,NOM,-13.4029388398,0.0,0.0,0.0,0.0,0.0,0.0,0.0,0.0,0.0,0.0,1.0,0.0,0.0,1.0,0.0,0.0,0.0,1948.0,1932.0,3.0,3.0,3.0,2.0,0.0,0.0,3.0,3.0,2.0,3.0,3.0,3.0,3.0,2.0,2.0,2.0,3.0,3.0,3.0,3.0,56.0,50.0,5.0,58.0,56.0,0.0,0.0,1.0,1.0,0.0,0.0,0.0,0.0,1948.0,1932.0,2.0,2.0,0.0,1.0,8.0,6.0,2.0,0.0,0.5,0.5,1.0,0,0.0,0.0,1,1,0,2.0,1,tRo-pik
utilité,NOM,-12.2612668592,0.0,0.0,0.0,0.0,0.0,0.0,0.0,0.0,0.0,0.0,0.0,0.0,0.0,0.0,0.0,0.0,0.0,554.0,753.0,3.0,3.0,3.0,3.0,3.0,3.0,3.0,3.0,3.0,3.0,3.0,3.0,3.0,3.0,3.0,3.0,2.0,3.0,3.0,3.0,20.0,20.0,2.0,30.0,30.0,0.0,0.0,1.0,1.0,0.0,0.0,0.0,0.0,554.0,753.0,2.0,2.0,0.0,1.0,7.0,7.0,4.0,0.0,0.0,1.0,0.0,1.0,3.828857043029288e-05,1.0,0,0,0,0.0,0,y-ti-li-te
va-et-vient,NOM,-13.4555820064,0.0,0.0,0.0,0.0,0.0,0.0,0.0,0.0,0.0,0.0,0.0,0.0,0.0,0.0,0.0,0.0,0.0,0.0,0.0,0.0,3.0,3.0,3.0,2.0,2.0,2.0,2.0,2.0,2.0,2.0,2.0,2.0,2.0,2.0,2.0,0.0,0.0,0.0,0.0,1.0,1.0,1.0,1.0,1.0,0.0,0.0,0.0,0.0,0.0,0.0,0.0,0.0,0.0,0.0,1.0,1.0,0.0,1.0,9.0,6.0,3.0,0.0,0.0,1.0,2.0,0.0,0.0,0.0,1,0,0,3.0,1,va-e-vj5
vanille,NOM,-12.7997866902,0.0,0.0,0.0,0.0,0.0,0.0,0.0,0.0,1.0,1.0,0.0,1.0,0.0,2.0,0.0,0.0,0.0,21385.0,19845.0,3.0,2.0,2.0,3.0,1.0,1.0,2.0,2.0,2.0,2.0,2.0,2.0,2.0,2.0,2.0,2.0,0.0,3.0,3.0,3.0,7.0,7.0,1.0,9.0,9.0,0.0,0.0,1.0,1.0,0.0,0.0,0.0,0.0,21385.0,19845.0,2.0,2.0,0.0,2.0,7.0,5.0,2.0,0.0,0.5,0.5,1.0,3.0,5.1294441113336615e-06,0.0,1,0,1,2.0,1,va-nij
vermoulu,ADJ,-15.5113439011,0.0,0.0,0.0,0.0,0.0,0.0,0.0,0.0,0.0,0.0,0.0,0.0,1.0,1.0,0.0,0.0,0.0,0.0,0.0,0.0,0.0,0.0,0.0,0.0,0.0,0.0,0.0,0.0,0.0,0.0,0.0,0.0,0.0,0.0,0.0,0.0,1.0,1.0,0.0,3.0,3.0,1.0,1.0,1.0,0.0,0.0,0.0,0.0,0.0,0.0,0.0,0.0,0.0,0.0,1.0,1.0,0.0,0.0,8.0,7.0,3.0,0.0,0.0,1.0,1.0,0,0.0,0.0,1,0,0,1.0,0,vER-mu-ly
vison,NOM,-13.2163509328,0.0,0.0,0.0,0.0,0.0,0.0,0.0,0.0,1.0,0.0,0.0,1.0,0.0,1.0,0.0,0.0,0.0,1432.0,1140.0,3.0,1.0,1.0,2.0,3.0,3.0,1.0,1.0,2.0,3.0,3.0,1.0,2.0,2.0,3.0,3.0,0.0,1.0,1.0,3.0,3.0,3.0,1.0,45.0,42.0,0.0,0.0,1.0,1.0,0.0,0.0,0.0,0.0,1432.0,1140.0,2.0,2.0,0.0,1.0,5.0,4.0,2.0,0.0,0.0,1.0,1.0,3.0,3.041024092233791e-06,0.0,1,0,0,1.0,0,vi-z§
vivacité,NOM,-14.0219029858,0.0,0.0,0.0,0.0,0.0,0.0,0.0,0.0,0.0,0.0,0.0,0.0,0.0,0.0,0.0,0.0,0.0,554.0,753.0,1.0,3.0,3.0,3.0,2.0,3.0,3.0,3.0,3.0,2.0,3.0,3.0,3.0,3.0,2.0,3.0,0.0,2.0,1.0,2.0,5.0,3.0,1.0,2.0,3.0,0.0,0.0,1.0,1.0,0.0,0.0,0.0,0.0,554.0,753.0,2.0,2.0,0.0,6.0,8.0,8.0,4.0,0.0,0.0,1.0,0.0,0,0.0,0.0,1,0,0,0.0,1,vi-va-si-te
vraisemblablement,ADV,-13.3883931838,0.0,0.0,0.0,0.0,0.0,0.0,0.0,0.0,0.0,0.0,0.0,0.0,1.0,1.0,0.0,0.0,0.0,1712.0,1711.0,3.0,3.0,3.0,3.0,3.0,3.0,3.0,3.0,3.0,3.0,3.0,3.0,3.0,3.0,3.0,3.0,3.0,2.0,2.0,3.0,5.0,5.0,4.0,10.0,9.0,0.0,0.0,1.0,1.0,1.0,1.0,0.0,0.0,832.0,995.0,4.0,4.0,0.0,0.0,17.0,13.0,5.0,0.0,0.6,0.4,2.0,0,0.0,0.0,1,0,0,4.0,0,vRE-s@-bla-bl°-m@
végétal,ADJ,-13.9689257595,0.0,0.0,0.0,0.0,0.0,0.0,0.0,0.0,0.0,0.0,0.0,0.0,0.0,0.0,0.0,0.0,0.0,1623.0,1684.0,3.0,3.0,3.0,3.0,2.0,3.0,3.0,3.0,3.0,3.0,3.0,3.0,3.0,3.0,3.0,3.0,0.0,3.0,3.0,3.0,24.0,24.0,1.0,24.0,22.0,0.0,0.0,1.0,1.0,0.0,0.0,0.0,0.0,1623.0,1684.0,2.0,2.0,0.0,0.0,7.0,7.0,3.0,0.0,0.0,1.0,0.0,0,0.0,0.0,1,0,0,0.0,0,ve-Ze-tal
élevage,NOM,-12.5682506983,0.0,0.0,0.0,0.0,1.0,1.0,1.0,1.0,1.0,0.0,0.0,0.0,0.0,0.0,0.0,132.0,109.0,1528.0,1505.0,3.0,3.0,3.0,3.0,3.0,3.0,3.0,3.0,3.0,3.0,3.0,3.0,3.0,3.0,3.0,3.0,3.0,3.0,3.0,3.0,8.0,8.0,5.0,29.0,29.0,1.0,1.0,1.0,1.0,0.0,0.0,132.0,109.0,1528.0,1505.0,3.0,3.0,1.0,2.0,7.0,5.0,2.0,0.0,0.5,0.5,1.0,0,0.0,0.0,1,1,0,2.0,1,El-vaZ
évaporation,NOM,-14.6942611422,0.0,0.0,0.0,0.0,0.0,0.0,0.0,0.0,0.0,0.0,0.0,1.0,0.0,1.0,0.0,0.0,0.0,1849.0,1464.0,3.0,2.0,2.0,3.0,2.0,2.0,3.0,3.0,3.0,3.0,3.0,3.0,3.0,3.0,3.0,3.0,0.0,3.0,3.0,3.0,9.0,9.0,1.0,9.0,9.0,0.0,0.0,1.0,1.0,0.0,0.0,0.0,0.0,1083.0,1464.0,4.0,2.0,0.0,1.0,11.0,10.0,5.0,0.0,0.0,1.0,1.0,0,0.0,0.0,0,0,0,1.0,1,e-va-po-Ra-sj§
évapotranspiration,NOM,-19.6046453987,0.0,0.0,0.0,0.0,0.0,0.0,0.0,0.0,0.0,0.0,0.0,2.0,0.0,2.0,0.0,0.0,0.0,0.0,0.0,0.0,2.0,2.0,2.0,2.0,2.0,1.0,1.0,1.0,1.0,1.0,1.0,1.0,2.0,1.0,1.0,0.0,0.0,0.0,0.0,1.0,1.0,1.0,1.0,1.0,0.0,0.0,0.0,0.0,0.0,0.0,0.0,0.0,0.0,0.0,1.0,1.0,-1.0,-1.0,18.0,17.0,6.0,0.16666666666666666,0.16666666666666666,0.6666666666666666,1.0,0.0,0.0,0.0,1,0,0,1.0,0,e-va-pO-tR@s-pi-Rasj§
